[0;32mAZURE2 macOS Bundle Build Script[0m
================================
[0;32mConfiguring CMake for macOS bundle...[0m
-- The C compiler identification is Clang 21.1.5
-- The CXX compiler identification is Clang 21.1.5
-- Detecting C compiler ABI info
-- Detecting C compiler ABI info - done
-- Check for working C compiler: /opt/homebrew/opt/llvm/bin/clang - skipped
-- Detecting C compile features
-- Detecting C compile features - done
-- Detecting CXX compiler ABI info
-- Detecting CXX compiler ABI info - done
-- Check for working CXX compiler: /opt/homebrew/opt/llvm/bin/clang++ - skipped
-- Detecting CXX compile features
-- Detecting CXX compile features - done
-- Found PkgConfig: /opt/homebrew/bin/pkg-config (found version "2.5.1")
-- Checking for module 'gsl'
--   Found gsl, version 2.8
-- Found OpenMP_C: -fopenmp=libomp (found version "5.1")
-- Found OpenMP_CXX: -fopenmp=libomp (found version "5.1")
-- Found OpenMP: TRUE (found version "5.1")
-- Using OpenMP
-- NLopt minimization disabled - using Minuit2 only
-- ERYA SRIM utilities enabled
-- MCMC Bayesian sampling disabled
-- pkg-config failed, falling back to path search...
-- Found Qwt: /opt/homebrew/opt/qwt/lib/qwt.framework/qwt
-- Found QWT: /opt/homebrew/opt/qwt/lib/qwt.framework/qwt
-- QWT include directories: /opt/homebrew/opt/qwt/include
-- pkg-config failed, falling back to path search...
-- Found QWT using find_package
-- Configuring done (1.3s)
-- Generating done (0.1s)
-- Build files have been written to: /Users/akhil/work_dir/azure/AZURE2/build-macos
[0;32mBuilding AZURE2...[0m
/Applications/CMake.app/Contents/bin/cmake -S/Users/akhil/work_dir/azure/AZURE2 -B/Users/akhil/work_dir/azure/AZURE2/build-macos --check-build-system CMakeFiles/Makefile.cmake 0
/Applications/CMake.app/Contents/bin/cmake -E cmake_progress_start /Users/akhil/work_dir/azure/AZURE2/build-macos/CMakeFiles /Users/akhil/work_dir/azure/AZURE2/build-macos//CMakeFiles/progress.marks
/Applications/Xcode.app/Contents/Developer/usr/bin/make  -f CMakeFiles/Makefile2 all
/Applications/Xcode.app/Contents/Developer/usr/bin/make  -f erya/pugixml/CMakeFiles/pugixml-static.dir/build.make erya/pugixml/CMakeFiles/pugixml-static.dir/depend
/Applications/Xcode.app/Contents/Developer/usr/bin/make  -f minuit2/src/math/CMakeFiles/Minuit2Math.dir/build.make minuit2/src/math/CMakeFiles/Minuit2Math.dir/depend
/Applications/Xcode.app/Contents/Developer/usr/bin/make  -f api/src/CMakeFiles/AZUREAPI.dir/build.make api/src/CMakeFiles/AZUREAPI.dir/depend
/Applications/Xcode.app/Contents/Developer/usr/bin/make  -f coul/src/CMakeFiles/coul.dir/build.make coul/src/CMakeFiles/coul.dir/depend
cd /Users/akhil/work_dir/azure/AZURE2/build-macos && /Applications/CMake.app/Contents/bin/cmake -E cmake_depends "Unix Makefiles" /Users/akhil/work_dir/azure/AZURE2 /Users/akhil/work_dir/azure/AZURE2/erya/pugixml /Users/akhil/work_dir/azure/AZURE2/build-macos /Users/akhil/work_dir/azure/AZURE2/build-macos/erya/pugixml /Users/akhil/work_dir/azure/AZURE2/build-macos/erya/pugixml/CMakeFiles/pugixml-static.dir/DependInfo.cmake "--color="
cd /Users/akhil/work_dir/azure/AZURE2/build-macos && /Applications/CMake.app/Contents/bin/cmake -E cmake_depends "Unix Makefiles" /Users/akhil/work_dir/azure/AZURE2 /Users/akhil/work_dir/azure/AZURE2/minuit2/src/math /Users/akhil/work_dir/azure/AZURE2/build-macos /Users/akhil/work_dir/azure/AZURE2/build-macos/minuit2/src/math /Users/akhil/work_dir/azure/AZURE2/build-macos/minuit2/src/math/CMakeFiles/Minuit2Math.dir/DependInfo.cmake "--color="
cd /Users/akhil/work_dir/azure/AZURE2/build-macos && /Applications/CMake.app/Contents/bin/cmake -E cmake_depends "Unix Makefiles" /Users/akhil/work_dir/azure/AZURE2 /Users/akhil/work_dir/azure/AZURE2/coul/src /Users/akhil/work_dir/azure/AZURE2/build-macos /Users/akhil/work_dir/azure/AZURE2/build-macos/coul/src /Users/akhil/work_dir/azure/AZURE2/build-macos/coul/src/CMakeFiles/coul.dir/DependInfo.cmake "--color="
cd /Users/akhil/work_dir/azure/AZURE2/build-macos && /Applications/CMake.app/Contents/bin/cmake -E cmake_depends "Unix Makefiles" /Users/akhil/work_dir/azure/AZURE2 /Users/akhil/work_dir/azure/AZURE2/api/src /Users/akhil/work_dir/azure/AZURE2/build-macos /Users/akhil/work_dir/azure/AZURE2/build-macos/api/src /Users/akhil/work_dir/azure/AZURE2/build-macos/api/src/CMakeFiles/AZUREAPI.dir/DependInfo.cmake "--color="
/Applications/Xcode.app/Contents/Developer/usr/bin/make  -f coul/src/CMakeFiles/coul.dir/build.make coul/src/CMakeFiles/coul.dir/build
/Applications/Xcode.app/Contents/Developer/usr/bin/make  -f api/src/CMakeFiles/AZUREAPI.dir/build.make api/src/CMakeFiles/AZUREAPI.dir/build
/Applications/Xcode.app/Contents/Developer/usr/bin/make  -f minuit2/src/math/CMakeFiles/Minuit2Math.dir/build.make minuit2/src/math/CMakeFiles/Minuit2Math.dir/build
/Applications/Xcode.app/Contents/Developer/usr/bin/make  -f erya/pugixml/CMakeFiles/pugixml-static.dir/build.make erya/pugixml/CMakeFiles/pugixml-static.dir/build
[  0%] Building CXX object minuit2/src/math/CMakeFiles/Minuit2Math.dir/Minimizer.cxx.o
cd /Users/akhil/work_dir/azure/AZURE2/build-macos/minuit2/src/math && /opt/homebrew/opt/llvm/bin/clang++ -DMATHCORE_STANDALONE -DMATH_NO_PLUGIN_MANAGER -DROOT_Math_VecTypes -I/usr/local/include -I/Users/akhil/work_dir/azure/AZURE2/coul/include -I/Users/akhil/work_dir/azure/AZURE2/minuit2/inc -fopenmp=libomp -O3 -DNDEBUG -std=c++17 -arch arm64 -mmacosx-version-min=10.15 -MD -MT minuit2/src/math/CMakeFiles/Minuit2Math.dir/Minimizer.cxx.o -MF CMakeFiles/Minuit2Math.dir/Minimizer.cxx.o.d -o CMakeFiles/Minuit2Math.dir/Minimizer.cxx.o -c /Users/akhil/work_dir/azure/AZURE2/minuit2/src/math/Minimizer.cxx
[  2%] Building CXX object api/src/CMakeFiles/AZUREAPI.dir/main.cpp.o
[  2%] Building CXX object api/src/CMakeFiles/AZUREAPI.dir/AZUREAPI.cpp.o
[  2%] Building CXX object minuit2/src/math/CMakeFiles/Minuit2Math.dir/IOptions.cxx.o
cd /Users/akhil/work_dir/azure/AZURE2/build-macos/api/src && /opt/homebrew/opt/llvm/bin/clang++ -DUSE_ERYA -I/usr/local/include -I/Users/akhil/work_dir/azure/AZURE2/coul/include -I/Users/akhil/work_dir/azure/AZURE2/minuit2/inc -I/Users/akhil/work_dir/azure/AZURE2/erya/include -I/Users/akhil/work_dir/azure/AZURE2/erya/pugixml/src -I/Users/akhil/work_dir/azure/AZURE2/api/src/../include -I/Users/akhil/work_dir/azure/AZURE2/include -fopenmp=libomp -O3 -DNDEBUG -std=c++17 -arch arm64 -mmacosx-version-min=10.15 -MD -MT api/src/CMakeFiles/AZUREAPI.dir/main.cpp.o -MF CMakeFiles/AZUREAPI.dir/main.cpp.o.d -o CMakeFiles/AZUREAPI.dir/main.cpp.o -c /Users/akhil/work_dir/azure/AZURE2/api/src/main.cpp
cd /Users/akhil/work_dir/azure/AZURE2/build-macos/api/src && /opt/homebrew/opt/llvm/bin/clang++ -DUSE_ERYA -I/usr/local/include -I/Users/akhil/work_dir/azure/AZURE2/coul/include -I/Users/akhil/work_dir/azure/AZURE2/minuit2/inc -I/Users/akhil/work_dir/azure/AZURE2/erya/include -I/Users/akhil/work_dir/azure/AZURE2/erya/pugixml/src -I/Users/akhil/work_dir/azure/AZURE2/api/src/../include -I/Users/akhil/work_dir/azure/AZURE2/include -fopenmp=libomp -O3 -DNDEBUG -std=c++17 -arch arm64 -mmacosx-version-min=10.15 -MD -MT api/src/CMakeFiles/AZUREAPI.dir/AZUREAPI.cpp.o -MF CMakeFiles/AZUREAPI.dir/AZUREAPI.cpp.o.d -o CMakeFiles/AZUREAPI.dir/AZUREAPI.cpp.o -c /Users/akhil/work_dir/azure/AZURE2/api/src/AZUREAPI.cpp
[  3%] Building CXX object erya/pugixml/CMakeFiles/pugixml-static.dir/src/pugixml.cpp.o
cd /Users/akhil/work_dir/azure/AZURE2/build-macos/minuit2/src/math && /opt/homebrew/opt/llvm/bin/clang++ -DMATHCORE_STANDALONE -DMATH_NO_PLUGIN_MANAGER -DROOT_Math_VecTypes -I/usr/local/include -I/Users/akhil/work_dir/azure/AZURE2/coul/include -I/Users/akhil/work_dir/azure/AZURE2/minuit2/inc -fopenmp=libomp -O3 -DNDEBUG -std=c++17 -arch arm64 -mmacosx-version-min=10.15 -MD -MT minuit2/src/math/CMakeFiles/Minuit2Math.dir/IOptions.cxx.o -MF CMakeFiles/Minuit2Math.dir/IOptions.cxx.o.d -o CMakeFiles/Minuit2Math.dir/IOptions.cxx.o -c /Users/akhil/work_dir/azure/AZURE2/minuit2/src/math/IOptions.cxx
cd /Users/akhil/work_dir/azure/AZURE2/build-macos/erya/pugixml && /opt/homebrew/opt/llvm/bin/clang++  -I/usr/local/include -I/Users/akhil/work_dir/azure/AZURE2/coul/include -I/Users/akhil/work_dir/azure/AZURE2/minuit2/inc -I/Users/akhil/work_dir/azure/AZURE2/erya/pugixml/src -fopenmp=libomp -O3 -DNDEBUG -std=c++17 -arch arm64 -mmacosx-version-min=10.15 -fPIC -MD -MT erya/pugixml/CMakeFiles/pugixml-static.dir/src/pugixml.cpp.o -MF CMakeFiles/pugixml-static.dir/src/pugixml.cpp.o.d -o CMakeFiles/pugixml-static.dir/src/pugixml.cpp.o -c /Users/akhil/work_dir/azure/AZURE2/erya/pugixml/src/pugixml.cpp
[  4%] Building CXX object minuit2/src/math/CMakeFiles/Minuit2Math.dir/GenAlgoOptions.cxx.o
cd /Users/akhil/work_dir/azure/AZURE2/build-macos/minuit2/src/math && /opt/homebrew/opt/llvm/bin/clang++ -DMATHCORE_STANDALONE -DMATH_NO_PLUGIN_MANAGER -DROOT_Math_VecTypes -I/usr/local/include -I/Users/akhil/work_dir/azure/AZURE2/coul/include -I/Users/akhil/work_dir/azure/AZURE2/minuit2/inc -fopenmp=libomp -O3 -DNDEBUG -std=c++17 -arch arm64 -mmacosx-version-min=10.15 -MD -MT minuit2/src/math/CMakeFiles/Minuit2Math.dir/GenAlgoOptions.cxx.o -MF CMakeFiles/Minuit2Math.dir/GenAlgoOptions.cxx.o.d -o CMakeFiles/Minuit2Math.dir/GenAlgoOptions.cxx.o -c /Users/akhil/work_dir/azure/AZURE2/minuit2/src/math/GenAlgoOptions.cxx
[  6%] Building CXX object coul/src/CMakeFiles/coul.dir/cwfcomp_accurate.cpp.o
[  7%] Building CXX object api/src/CMakeFiles/AZUREAPI.dir/AZURESocket.cpp.o
[  6%] Building CXX object coul/src/CMakeFiles/coul.dir/cwfcomp.cpp.o
[  7%] Building CXX object coul/src/CMakeFiles/coul.dir/complex_functions.cpp.o
cd /Users/akhil/work_dir/azure/AZURE2/build-macos/api/src && /opt/homebrew/opt/llvm/bin/clang++ -DUSE_ERYA -I/usr/local/include -I/Users/akhil/work_dir/azure/AZURE2/coul/include -I/Users/akhil/work_dir/azure/AZURE2/minuit2/inc -I/Users/akhil/work_dir/azure/AZURE2/erya/include -I/Users/akhil/work_dir/azure/AZURE2/erya/pugixml/src -I/Users/akhil/work_dir/azure/AZURE2/api/src/../include -I/Users/akhil/work_dir/azure/AZURE2/include -fopenmp=libomp -O3 -DNDEBUG -std=c++17 -arch arm64 -mmacosx-version-min=10.15 -MD -MT api/src/CMakeFiles/AZUREAPI.dir/AZURESocket.cpp.o -MF CMakeFiles/AZUREAPI.dir/AZURESocket.cpp.o.d -o CMakeFiles/AZUREAPI.dir/AZURESocket.cpp.o -c /Users/akhil/work_dir/azure/AZURE2/api/src/AZURESocket.cpp
cd /Users/akhil/work_dir/azure/AZURE2/build-macos/coul/src && /opt/homebrew/opt/llvm/bin/clang++ -DGUI_BUILD -DUSE_ERYA -I/usr/local/include -I/Users/akhil/work_dir/azure/AZURE2/coul/include -I/Users/akhil/work_dir/azure/AZURE2/minuit2/inc -I/Users/akhil/work_dir/azure/AZURE2/erya/include -I/Users/akhil/work_dir/azure/AZURE2/erya/pugixml/src -I/opt/homebrew/opt/qwt/include -fopenmp=libomp -O3 -DNDEBUG -std=c++17 -arch arm64 -mmacosx-version-min=10.15 -MD -MT coul/src/CMakeFiles/coul.dir/cwfcomp_accurate.cpp.o -MF CMakeFiles/coul.dir/cwfcomp_accurate.cpp.o.d -o CMakeFiles/coul.dir/cwfcomp_accurate.cpp.o -c /Users/akhil/work_dir/azure/AZURE2/coul/src/cwfcomp_accurate.cpp
cd /Users/akhil/work_dir/azure/AZURE2/build-macos/coul/src && /opt/homebrew/opt/llvm/bin/clang++ -DGUI_BUILD -DUSE_ERYA -I/usr/local/include -I/Users/akhil/work_dir/azure/AZURE2/coul/include -I/Users/akhil/work_dir/azure/AZURE2/minuit2/inc -I/Users/akhil/work_dir/azure/AZURE2/erya/include -I/Users/akhil/work_dir/azure/AZURE2/erya/pugixml/src -I/opt/homebrew/opt/qwt/include -fopenmp=libomp -O3 -DNDEBUG -std=c++17 -arch arm64 -mmacosx-version-min=10.15 -MD -MT coul/src/CMakeFiles/coul.dir/cwfcomp.cpp.o -MF CMakeFiles/coul.dir/cwfcomp.cpp.o.d -o CMakeFiles/coul.dir/cwfcomp.cpp.o -c /Users/akhil/work_dir/azure/AZURE2/coul/src/cwfcomp.cpp
cd /Users/akhil/work_dir/azure/AZURE2/build-macos/coul/src && /opt/homebrew/opt/llvm/bin/clang++ -DGUI_BUILD -DUSE_ERYA -I/usr/local/include -I/Users/akhil/work_dir/azure/AZURE2/coul/include -I/Users/akhil/work_dir/azure/AZURE2/minuit2/inc -I/Users/akhil/work_dir/azure/AZURE2/erya/include -I/Users/akhil/work_dir/azure/AZURE2/erya/pugixml/src -I/opt/homebrew/opt/qwt/include -fopenmp=libomp -O3 -DNDEBUG -std=c++17 -arch arm64 -mmacosx-version-min=10.15 -MD -MT coul/src/CMakeFiles/coul.dir/complex_functions.cpp.o -MF CMakeFiles/coul.dir/complex_functions.cpp.o.d -o CMakeFiles/coul.dir/complex_functions.cpp.o -c /Users/akhil/work_dir/azure/AZURE2/coul/src/complex_functions.cpp
[  8%] Building CXX object minuit2/src/math/CMakeFiles/Minuit2Math.dir/MinimizerOptions.cxx.o
cd /Users/akhil/work_dir/azure/AZURE2/build-macos/minuit2/src/math && /opt/homebrew/opt/llvm/bin/clang++ -DMATHCORE_STANDALONE -DMATH_NO_PLUGIN_MANAGER -DROOT_Math_VecTypes -I/usr/local/include -I/Users/akhil/work_dir/azure/AZURE2/coul/include -I/Users/akhil/work_dir/azure/AZURE2/minuit2/inc -fopenmp=libomp -O3 -DNDEBUG -std=c++17 -arch arm64 -mmacosx-version-min=10.15 -MD -MT minuit2/src/math/CMakeFiles/Minuit2Math.dir/MinimizerOptions.cxx.o -MF CMakeFiles/Minuit2Math.dir/MinimizerOptions.cxx.o.d -o CMakeFiles/Minuit2Math.dir/MinimizerOptions.cxx.o -c /Users/akhil/work_dir/azure/AZURE2/minuit2/src/math/MinimizerOptions.cxx
[  8%] Building CXX object minuit2/src/math/CMakeFiles/Minuit2Math.dir/ParameterSettings.cxx.o
cd /Users/akhil/work_dir/azure/AZURE2/build-macos/minuit2/src/math && /opt/homebrew/opt/llvm/bin/clang++ -DMATHCORE_STANDALONE -DMATH_NO_PLUGIN_MANAGER -DROOT_Math_VecTypes -I/usr/local/include -I/Users/akhil/work_dir/azure/AZURE2/coul/include -I/Users/akhil/work_dir/azure/AZURE2/minuit2/inc -fopenmp=libomp -O3 -DNDEBUG -std=c++17 -arch arm64 -mmacosx-version-min=10.15 -MD -MT minuit2/src/math/CMakeFiles/Minuit2Math.dir/ParameterSettings.cxx.o -MF CMakeFiles/Minuit2Math.dir/ParameterSettings.cxx.o.d -o CMakeFiles/Minuit2Math.dir/ParameterSettings.cxx.o -c /Users/akhil/work_dir/azure/AZURE2/minuit2/src/math/ParameterSettings.cxx
[  8%] Linking CXX static library libcoul.a
cd /Users/akhil/work_dir/azure/AZURE2/build-macos/coul/src && /Applications/CMake.app/Contents/bin/cmake -P CMakeFiles/coul.dir/cmake_clean_target.cmake
cd /Users/akhil/work_dir/azure/AZURE2/build-macos/coul/src && /Applications/CMake.app/Contents/bin/cmake -E cmake_link_script CMakeFiles/coul.dir/link.txt --verbose=1
/usr/bin/ar qc libcoul.a CMakeFiles/coul.dir/complex_functions.cpp.o CMakeFiles/coul.dir/cwfcomp.cpp.o CMakeFiles/coul.dir/cwfcomp_accurate.cpp.o
/opt/homebrew/opt/llvm/bin/llvm-ranlib libcoul.a
[  8%] Built target coul
[  9%] Linking CXX static library libMinuit2Math.a
cd /Users/akhil/work_dir/azure/AZURE2/build-macos/minuit2/src/math && /Applications/CMake.app/Contents/bin/cmake -P CMakeFiles/Minuit2Math.dir/cmake_clean_target.cmake
cd /Users/akhil/work_dir/azure/AZURE2/build-macos/minuit2/src/math && /Applications/CMake.app/Contents/bin/cmake -E cmake_link_script CMakeFiles/Minuit2Math.dir/link.txt --verbose=1
/usr/bin/ar qc libMinuit2Math.a CMakeFiles/Minuit2Math.dir/GenAlgoOptions.cxx.o CMakeFiles/Minuit2Math.dir/IOptions.cxx.o CMakeFiles/Minuit2Math.dir/Minimizer.cxx.o CMakeFiles/Minuit2Math.dir/MinimizerOptions.cxx.o CMakeFiles/Minuit2Math.dir/ParameterSettings.cxx.o
/opt/homebrew/opt/llvm/bin/llvm-ranlib libMinuit2Math.a
[  9%] Built target Minuit2Math
/Applications/Xcode.app/Contents/Developer/usr/bin/make  -f minuit2/src/CMakeFiles/Minuit2.dir/build.make minuit2/src/CMakeFiles/Minuit2.dir/depend
cd /Users/akhil/work_dir/azure/AZURE2/build-macos && /Applications/CMake.app/Contents/bin/cmake -E cmake_depends "Unix Makefiles" /Users/akhil/work_dir/azure/AZURE2 /Users/akhil/work_dir/azure/AZURE2/minuit2/src /Users/akhil/work_dir/azure/AZURE2/build-macos /Users/akhil/work_dir/azure/AZURE2/build-macos/minuit2/src /Users/akhil/work_dir/azure/AZURE2/build-macos/minuit2/src/CMakeFiles/Minuit2.dir/DependInfo.cmake "--color="
/Applications/Xcode.app/Contents/Developer/usr/bin/make  -f minuit2/src/CMakeFiles/Minuit2.dir/build.make minuit2/src/CMakeFiles/Minuit2.dir/build
[  9%] Building CXX object minuit2/src/CMakeFiles/Minuit2.dir/CombinedMinimumBuilder.cxx.o
[ 10%] Building CXX object minuit2/src/CMakeFiles/Minuit2.dir/AnalyticalGradientCalculator.cxx.o
cd /Users/akhil/work_dir/azure/AZURE2/build-macos/minuit2/src && /opt/homebrew/opt/llvm/bin/clang++ -DMATHCORE_STANDALONE -DROOT_Math_VecTypes -I/usr/local/include -I/Users/akhil/work_dir/azure/AZURE2/coul/include -I/Users/akhil/work_dir/azure/AZURE2/minuit2/inc -fopenmp=libomp -O3 -DNDEBUG -std=c++17 -arch arm64 -mmacosx-version-min=10.15 -MD -MT minuit2/src/CMakeFiles/Minuit2.dir/CombinedMinimumBuilder.cxx.o -MF CMakeFiles/Minuit2.dir/CombinedMinimumBuilder.cxx.o.d -o CMakeFiles/Minuit2.dir/CombinedMinimumBuilder.cxx.o -c /Users/akhil/work_dir/azure/AZURE2/minuit2/src/CombinedMinimumBuilder.cxx
cd /Users/akhil/work_dir/azure/AZURE2/build-macos/minuit2/src && /opt/homebrew/opt/llvm/bin/clang++ -DMATHCORE_STANDALONE -DROOT_Math_VecTypes -I/usr/local/include -I/Users/akhil/work_dir/azure/AZURE2/coul/include -I/Users/akhil/work_dir/azure/AZURE2/minuit2/inc -fopenmp=libomp -O3 -DNDEBUG -std=c++17 -arch arm64 -mmacosx-version-min=10.15 -MD -MT minuit2/src/CMakeFiles/Minuit2.dir/AnalyticalGradientCalculator.cxx.o -MF CMakeFiles/Minuit2.dir/AnalyticalGradientCalculator.cxx.o.d -o CMakeFiles/Minuit2.dir/AnalyticalGradientCalculator.cxx.o -c /Users/akhil/work_dir/azure/AZURE2/minuit2/src/AnalyticalGradientCalculator.cxx
[ 10%] Building CXX object minuit2/src/CMakeFiles/Minuit2.dir/FumiliErrorUpdator.cxx.o
cd /Users/akhil/work_dir/azure/AZURE2/build-macos/minuit2/src && /opt/homebrew/opt/llvm/bin/clang++ -DMATHCORE_STANDALONE -DROOT_Math_VecTypes -I/usr/local/include -I/Users/akhil/work_dir/azure/AZURE2/coul/include -I/Users/akhil/work_dir/azure/AZURE2/minuit2/inc -fopenmp=libomp -O3 -DNDEBUG -std=c++17 -arch arm64 -mmacosx-version-min=10.15 -MD -MT minuit2/src/CMakeFiles/Minuit2.dir/FumiliErrorUpdator.cxx.o -MF CMakeFiles/Minuit2.dir/FumiliErrorUpdator.cxx.o.d -o CMakeFiles/Minuit2.dir/FumiliErrorUpdator.cxx.o -c /Users/akhil/work_dir/azure/AZURE2/minuit2/src/FumiliErrorUpdator.cxx
[ 10%] Building CXX object minuit2/src/CMakeFiles/Minuit2.dir/ExternalInternalGradientCalculator.cxx.o
[ 11%] Building CXX object minuit2/src/CMakeFiles/Minuit2.dir/FumiliBuilder.cxx.o
[ 12%] Building CXX object minuit2/src/CMakeFiles/Minuit2.dir/BFGSErrorUpdator.cxx.o
cd /Users/akhil/work_dir/azure/AZURE2/build-macos/minuit2/src && /opt/homebrew/opt/llvm/bin/clang++ -DMATHCORE_STANDALONE -DROOT_Math_VecTypes -I/usr/local/include -I/Users/akhil/work_dir/azure/AZURE2/coul/include -I/Users/akhil/work_dir/azure/AZURE2/minuit2/inc -fopenmp=libomp -O3 -DNDEBUG -std=c++17 -arch arm64 -mmacosx-version-min=10.15 -MD -MT minuit2/src/CMakeFiles/Minuit2.dir/FumiliBuilder.cxx.o -MF CMakeFiles/Minuit2.dir/FumiliBuilder.cxx.o.d -o CMakeFiles/Minuit2.dir/FumiliBuilder.cxx.o -c /Users/akhil/work_dir/azure/AZURE2/minuit2/src/FumiliBuilder.cxx
cd /Users/akhil/work_dir/azure/AZURE2/build-macos/minuit2/src && /opt/homebrew/opt/llvm/bin/clang++ -DMATHCORE_STANDALONE -DROOT_Math_VecTypes -I/usr/local/include -I/Users/akhil/work_dir/azure/AZURE2/coul/include -I/Users/akhil/work_dir/azure/AZURE2/minuit2/inc -fopenmp=libomp -O3 -DNDEBUG -std=c++17 -arch arm64 -mmacosx-version-min=10.15 -MD -MT minuit2/src/CMakeFiles/Minuit2.dir/ExternalInternalGradientCalculator.cxx.o -MF CMakeFiles/Minuit2.dir/ExternalInternalGradientCalculator.cxx.o.d -o CMakeFiles/Minuit2.dir/ExternalInternalGradientCalculator.cxx.o -c /Users/akhil/work_dir/azure/AZURE2/minuit2/src/ExternalInternalGradientCalculator.cxx
cd /Users/akhil/work_dir/azure/AZURE2/build-macos/minuit2/src && /opt/homebrew/opt/llvm/bin/clang++ -DMATHCORE_STANDALONE -DROOT_Math_VecTypes -I/usr/local/include -I/Users/akhil/work_dir/azure/AZURE2/coul/include -I/Users/akhil/work_dir/azure/AZURE2/minuit2/inc -fopenmp=libomp -O3 -DNDEBUG -std=c++17 -arch arm64 -mmacosx-version-min=10.15 -MD -MT minuit2/src/CMakeFiles/Minuit2.dir/BFGSErrorUpdator.cxx.o -MF CMakeFiles/Minuit2.dir/BFGSErrorUpdator.cxx.o.d -o CMakeFiles/Minuit2.dir/BFGSErrorUpdator.cxx.o -c /Users/akhil/work_dir/azure/AZURE2/minuit2/src/BFGSErrorUpdator.cxx
[ 13%] Building CXX object minuit2/src/CMakeFiles/Minuit2.dir/DavidonErrorUpdator.cxx.o
cd /Users/akhil/work_dir/azure/AZURE2/build-macos/minuit2/src && /opt/homebrew/opt/llvm/bin/clang++ -DMATHCORE_STANDALONE -DROOT_Math_VecTypes -I/usr/local/include -I/Users/akhil/work_dir/azure/AZURE2/coul/include -I/Users/akhil/work_dir/azure/AZURE2/minuit2/inc -fopenmp=libomp -O3 -DNDEBUG -std=c++17 -arch arm64 -mmacosx-version-min=10.15 -MD -MT minuit2/src/CMakeFiles/Minuit2.dir/DavidonErrorUpdator.cxx.o -MF CMakeFiles/Minuit2.dir/DavidonErrorUpdator.cxx.o.d -o CMakeFiles/Minuit2.dir/DavidonErrorUpdator.cxx.o -c /Users/akhil/work_dir/azure/AZURE2/minuit2/src/DavidonErrorUpdator.cxx
[ 14%] Building CXX object minuit2/src/CMakeFiles/Minuit2.dir/FumiliGradientCalculator.cxx.o
cd /Users/akhil/work_dir/azure/AZURE2/build-macos/minuit2/src && /opt/homebrew/opt/llvm/bin/clang++ -DMATHCORE_STANDALONE -DROOT_Math_VecTypes -I/usr/local/include -I/Users/akhil/work_dir/azure/AZURE2/coul/include -I/Users/akhil/work_dir/azure/AZURE2/minuit2/inc -fopenmp=libomp -O3 -DNDEBUG -std=c++17 -arch arm64 -mmacosx-version-min=10.15 -MD -MT minuit2/src/CMakeFiles/Minuit2.dir/FumiliGradientCalculator.cxx.o -MF CMakeFiles/Minuit2.dir/FumiliGradientCalculator.cxx.o.d -o CMakeFiles/Minuit2.dir/FumiliGradientCalculator.cxx.o -c /Users/akhil/work_dir/azure/AZURE2/minuit2/src/FumiliGradientCalculator.cxx
[ 14%] Linking CXX static library libAZUREAPI.a
cd /Users/akhil/work_dir/azure/AZURE2/build-macos/api/src && /Applications/CMake.app/Contents/bin/cmake -P CMakeFiles/AZUREAPI.dir/cmake_clean_target.cmake
cd /Users/akhil/work_dir/azure/AZURE2/build-macos/api/src && /Applications/CMake.app/Contents/bin/cmake -E cmake_link_script CMakeFiles/AZUREAPI.dir/link.txt --verbose=1
/usr/bin/ar qc libAZUREAPI.a CMakeFiles/AZUREAPI.dir/main.cpp.o CMakeFiles/AZUREAPI.dir/AZUREAPI.cpp.o CMakeFiles/AZUREAPI.dir/AZURESocket.cpp.o
/opt/homebrew/opt/llvm/bin/llvm-ranlib libAZUREAPI.a
[ 14%] Built target AZUREAPI
[ 15%] Building CXX object minuit2/src/CMakeFiles/Minuit2.dir/FumiliMinimizer.cxx.o
cd /Users/akhil/work_dir/azure/AZURE2/build-macos/minuit2/src && /opt/homebrew/opt/llvm/bin/clang++ -DMATHCORE_STANDALONE -DROOT_Math_VecTypes -I/usr/local/include -I/Users/akhil/work_dir/azure/AZURE2/coul/include -I/Users/akhil/work_dir/azure/AZURE2/minuit2/inc -fopenmp=libomp -O3 -DNDEBUG -std=c++17 -arch arm64 -mmacosx-version-min=10.15 -MD -MT minuit2/src/CMakeFiles/Minuit2.dir/FumiliMinimizer.cxx.o -MF CMakeFiles/Minuit2.dir/FumiliMinimizer.cxx.o.d -o CMakeFiles/Minuit2.dir/FumiliMinimizer.cxx.o -c /Users/akhil/work_dir/azure/AZURE2/minuit2/src/FumiliMinimizer.cxx
[ 15%] Building CXX object minuit2/src/CMakeFiles/Minuit2.dir/FumiliStandardChi2FCN.cxx.o
cd /Users/akhil/work_dir/azure/AZURE2/build-macos/minuit2/src && /opt/homebrew/opt/llvm/bin/clang++ -DMATHCORE_STANDALONE -DROOT_Math_VecTypes -I/usr/local/include -I/Users/akhil/work_dir/azure/AZURE2/coul/include -I/Users/akhil/work_dir/azure/AZURE2/minuit2/inc -fopenmp=libomp -O3 -DNDEBUG -std=c++17 -arch arm64 -mmacosx-version-min=10.15 -MD -MT minuit2/src/CMakeFiles/Minuit2.dir/FumiliStandardChi2FCN.cxx.o -MF CMakeFiles/Minuit2.dir/FumiliStandardChi2FCN.cxx.o.d -o CMakeFiles/Minuit2.dir/FumiliStandardChi2FCN.cxx.o -c /Users/akhil/work_dir/azure/AZURE2/minuit2/src/FumiliStandardChi2FCN.cxx
[ 16%] Building CXX object minuit2/src/CMakeFiles/Minuit2.dir/FumiliStandardMaximumLikelihoodFCN.cxx.o
cd /Users/akhil/work_dir/azure/AZURE2/build-macos/minuit2/src && /opt/homebrew/opt/llvm/bin/clang++ -DMATHCORE_STANDALONE -DROOT_Math_VecTypes -I/usr/local/include -I/Users/akhil/work_dir/azure/AZURE2/coul/include -I/Users/akhil/work_dir/azure/AZURE2/minuit2/inc -fopenmp=libomp -O3 -DNDEBUG -std=c++17 -arch arm64 -mmacosx-version-min=10.15 -MD -MT minuit2/src/CMakeFiles/Minuit2.dir/FumiliStandardMaximumLikelihoodFCN.cxx.o -MF CMakeFiles/Minuit2.dir/FumiliStandardMaximumLikelihoodFCN.cxx.o.d -o CMakeFiles/Minuit2.dir/FumiliStandardMaximumLikelihoodFCN.cxx.o -c /Users/akhil/work_dir/azure/AZURE2/minuit2/src/FumiliStandardMaximumLikelihoodFCN.cxx
[ 16%] Building CXX object minuit2/src/CMakeFiles/Minuit2.dir/HessianGradientCalculator.cxx.o
cd /Users/akhil/work_dir/azure/AZURE2/build-macos/minuit2/src && /opt/homebrew/opt/llvm/bin/clang++ -DMATHCORE_STANDALONE -DROOT_Math_VecTypes -I/usr/local/include -I/Users/akhil/work_dir/azure/AZURE2/coul/include -I/Users/akhil/work_dir/azure/AZURE2/minuit2/inc -fopenmp=libomp -O3 -DNDEBUG -std=c++17 -arch arm64 -mmacosx-version-min=10.15 -MD -MT minuit2/src/CMakeFiles/Minuit2.dir/HessianGradientCalculator.cxx.o -MF CMakeFiles/Minuit2.dir/HessianGradientCalculator.cxx.o.d -o CMakeFiles/Minuit2.dir/HessianGradientCalculator.cxx.o -c /Users/akhil/work_dir/azure/AZURE2/minuit2/src/HessianGradientCalculator.cxx
[ 17%] Building CXX object minuit2/src/CMakeFiles/Minuit2.dir/InitialGradientCalculator.cxx.o
cd /Users/akhil/work_dir/azure/AZURE2/build-macos/minuit2/src && /opt/homebrew/opt/llvm/bin/clang++ -DMATHCORE_STANDALONE -DROOT_Math_VecTypes -I/usr/local/include -I/Users/akhil/work_dir/azure/AZURE2/coul/include -I/Users/akhil/work_dir/azure/AZURE2/minuit2/inc -fopenmp=libomp -O3 -DNDEBUG -std=c++17 -arch arm64 -mmacosx-version-min=10.15 -MD -MT minuit2/src/CMakeFiles/Minuit2.dir/InitialGradientCalculator.cxx.o -MF CMakeFiles/Minuit2.dir/InitialGradientCalculator.cxx.o.d -o CMakeFiles/Minuit2.dir/InitialGradientCalculator.cxx.o -c /Users/akhil/work_dir/azure/AZURE2/minuit2/src/InitialGradientCalculator.cxx
[ 17%] Building CXX object minuit2/src/CMakeFiles/Minuit2.dir/LaEigenValues.cxx.o
cd /Users/akhil/work_dir/azure/AZURE2/build-macos/minuit2/src && /opt/homebrew/opt/llvm/bin/clang++ -DMATHCORE_STANDALONE -DROOT_Math_VecTypes -I/usr/local/include -I/Users/akhil/work_dir/azure/AZURE2/coul/include -I/Users/akhil/work_dir/azure/AZURE2/minuit2/inc -fopenmp=libomp -O3 -DNDEBUG -std=c++17 -arch arm64 -mmacosx-version-min=10.15 -MD -MT minuit2/src/CMakeFiles/Minuit2.dir/LaEigenValues.cxx.o -MF CMakeFiles/Minuit2.dir/LaEigenValues.cxx.o.d -o CMakeFiles/Minuit2.dir/LaEigenValues.cxx.o -c /Users/akhil/work_dir/azure/AZURE2/minuit2/src/LaEigenValues.cxx
[ 18%] Building CXX object minuit2/src/CMakeFiles/Minuit2.dir/LaInnerProduct.cxx.o
cd /Users/akhil/work_dir/azure/AZURE2/build-macos/minuit2/src && /opt/homebrew/opt/llvm/bin/clang++ -DMATHCORE_STANDALONE -DROOT_Math_VecTypes -I/usr/local/include -I/Users/akhil/work_dir/azure/AZURE2/coul/include -I/Users/akhil/work_dir/azure/AZURE2/minuit2/inc -fopenmp=libomp -O3 -DNDEBUG -std=c++17 -arch arm64 -mmacosx-version-min=10.15 -MD -MT minuit2/src/CMakeFiles/Minuit2.dir/LaInnerProduct.cxx.o -MF CMakeFiles/Minuit2.dir/LaInnerProduct.cxx.o.d -o CMakeFiles/Minuit2.dir/LaInnerProduct.cxx.o -c /Users/akhil/work_dir/azure/AZURE2/minuit2/src/LaInnerProduct.cxx
[ 19%] Building CXX object minuit2/src/CMakeFiles/Minuit2.dir/LaInverse.cxx.o
cd /Users/akhil/work_dir/azure/AZURE2/build-macos/minuit2/src && /opt/homebrew/opt/llvm/bin/clang++ -DMATHCORE_STANDALONE -DROOT_Math_VecTypes -I/usr/local/include -I/Users/akhil/work_dir/azure/AZURE2/coul/include -I/Users/akhil/work_dir/azure/AZURE2/minuit2/inc -fopenmp=libomp -O3 -DNDEBUG -std=c++17 -arch arm64 -mmacosx-version-min=10.15 -MD -MT minuit2/src/CMakeFiles/Minuit2.dir/LaInverse.cxx.o -MF CMakeFiles/Minuit2.dir/LaInverse.cxx.o.d -o CMakeFiles/Minuit2.dir/LaInverse.cxx.o -c /Users/akhil/work_dir/azure/AZURE2/minuit2/src/LaInverse.cxx
[ 19%] Building CXX object minuit2/src/CMakeFiles/Minuit2.dir/LaOuterProduct.cxx.o
cd /Users/akhil/work_dir/azure/AZURE2/build-macos/minuit2/src && /opt/homebrew/opt/llvm/bin/clang++ -DMATHCORE_STANDALONE -DROOT_Math_VecTypes -I/usr/local/include -I/Users/akhil/work_dir/azure/AZURE2/coul/include -I/Users/akhil/work_dir/azure/AZURE2/minuit2/inc -fopenmp=libomp -O3 -DNDEBUG -std=c++17 -arch arm64 -mmacosx-version-min=10.15 -MD -MT minuit2/src/CMakeFiles/Minuit2.dir/LaOuterProduct.cxx.o -MF CMakeFiles/Minuit2.dir/LaOuterProduct.cxx.o.d -o CMakeFiles/Minuit2.dir/LaOuterProduct.cxx.o -c /Users/akhil/work_dir/azure/AZURE2/minuit2/src/LaOuterProduct.cxx
[ 20%] Building CXX object minuit2/src/CMakeFiles/Minuit2.dir/LaSumOfElements.cxx.o
cd /Users/akhil/work_dir/azure/AZURE2/build-macos/minuit2/src && /opt/homebrew/opt/llvm/bin/clang++ -DMATHCORE_STANDALONE -DROOT_Math_VecTypes -I/usr/local/include -I/Users/akhil/work_dir/azure/AZURE2/coul/include -I/Users/akhil/work_dir/azure/AZURE2/minuit2/inc -fopenmp=libomp -O3 -DNDEBUG -std=c++17 -arch arm64 -mmacosx-version-min=10.15 -MD -MT minuit2/src/CMakeFiles/Minuit2.dir/LaSumOfElements.cxx.o -MF CMakeFiles/Minuit2.dir/LaSumOfElements.cxx.o.d -o CMakeFiles/Minuit2.dir/LaSumOfElements.cxx.o -c /Users/akhil/work_dir/azure/AZURE2/minuit2/src/LaSumOfElements.cxx
[ 20%] Building CXX object minuit2/src/CMakeFiles/Minuit2.dir/LaVtMVSimilarity.cxx.o
cd /Users/akhil/work_dir/azure/AZURE2/build-macos/minuit2/src && /opt/homebrew/opt/llvm/bin/clang++ -DMATHCORE_STANDALONE -DROOT_Math_VecTypes -I/usr/local/include -I/Users/akhil/work_dir/azure/AZURE2/coul/include -I/Users/akhil/work_dir/azure/AZURE2/minuit2/inc -fopenmp=libomp -O3 -DNDEBUG -std=c++17 -arch arm64 -mmacosx-version-min=10.15 -MD -MT minuit2/src/CMakeFiles/Minuit2.dir/LaVtMVSimilarity.cxx.o -MF CMakeFiles/Minuit2.dir/LaVtMVSimilarity.cxx.o.d -o CMakeFiles/Minuit2.dir/LaVtMVSimilarity.cxx.o -c /Users/akhil/work_dir/azure/AZURE2/minuit2/src/LaVtMVSimilarity.cxx
[ 21%] Building CXX object minuit2/src/CMakeFiles/Minuit2.dir/MPIProcess.cxx.o
cd /Users/akhil/work_dir/azure/AZURE2/build-macos/minuit2/src && /opt/homebrew/opt/llvm/bin/clang++ -DMATHCORE_STANDALONE -DROOT_Math_VecTypes -I/usr/local/include -I/Users/akhil/work_dir/azure/AZURE2/coul/include -I/Users/akhil/work_dir/azure/AZURE2/minuit2/inc -fopenmp=libomp -O3 -DNDEBUG -std=c++17 -arch arm64 -mmacosx-version-min=10.15 -MD -MT minuit2/src/CMakeFiles/Minuit2.dir/MPIProcess.cxx.o -MF CMakeFiles/Minuit2.dir/MPIProcess.cxx.o.d -o CMakeFiles/Minuit2.dir/MPIProcess.cxx.o -c /Users/akhil/work_dir/azure/AZURE2/minuit2/src/MPIProcess.cxx
[ 21%] Building CXX object minuit2/src/CMakeFiles/Minuit2.dir/MinimumBuilder.cxx.o
[ 22%] Building CXX object minuit2/src/CMakeFiles/Minuit2.dir/Minuit2Minimizer.cxx.o
cd /Users/akhil/work_dir/azure/AZURE2/build-macos/minuit2/src && /opt/homebrew/opt/llvm/bin/clang++ -DMATHCORE_STANDALONE -DROOT_Math_VecTypes -I/usr/local/include -I/Users/akhil/work_dir/azure/AZURE2/coul/include -I/Users/akhil/work_dir/azure/AZURE2/minuit2/inc -fopenmp=libomp -O3 -DNDEBUG -std=c++17 -arch arm64 -mmacosx-version-min=10.15 -MD -MT minuit2/src/CMakeFiles/Minuit2.dir/Minuit2Minimizer.cxx.o -MF CMakeFiles/Minuit2.dir/Minuit2Minimizer.cxx.o.d -o CMakeFiles/Minuit2.dir/Minuit2Minimizer.cxx.o -c /Users/akhil/work_dir/azure/AZURE2/minuit2/src/Minuit2Minimizer.cxx
cd /Users/akhil/work_dir/azure/AZURE2/build-macos/minuit2/src && /opt/homebrew/opt/llvm/bin/clang++ -DMATHCORE_STANDALONE -DROOT_Math_VecTypes -I/usr/local/include -I/Users/akhil/work_dir/azure/AZURE2/coul/include -I/Users/akhil/work_dir/azure/AZURE2/minuit2/inc -fopenmp=libomp -O3 -DNDEBUG -std=c++17 -arch arm64 -mmacosx-version-min=10.15 -MD -MT minuit2/src/CMakeFiles/Minuit2.dir/MinimumBuilder.cxx.o -MF CMakeFiles/Minuit2.dir/MinimumBuilder.cxx.o.d -o CMakeFiles/Minuit2.dir/MinimumBuilder.cxx.o -c /Users/akhil/work_dir/azure/AZURE2/minuit2/src/MinimumBuilder.cxx
[ 23%] Building CXX object minuit2/src/CMakeFiles/Minuit2.dir/MnApplication.cxx.o
cd /Users/akhil/work_dir/azure/AZURE2/build-macos/minuit2/src && /opt/homebrew/opt/llvm/bin/clang++ -DMATHCORE_STANDALONE -DROOT_Math_VecTypes -I/usr/local/include -I/Users/akhil/work_dir/azure/AZURE2/coul/include -I/Users/akhil/work_dir/azure/AZURE2/minuit2/inc -fopenmp=libomp -O3 -DNDEBUG -std=c++17 -arch arm64 -mmacosx-version-min=10.15 -MD -MT minuit2/src/CMakeFiles/Minuit2.dir/MnApplication.cxx.o -MF CMakeFiles/Minuit2.dir/MnApplication.cxx.o.d -o CMakeFiles/Minuit2.dir/MnApplication.cxx.o -c /Users/akhil/work_dir/azure/AZURE2/minuit2/src/MnApplication.cxx
[ 23%] Building CXX object minuit2/src/CMakeFiles/Minuit2.dir/MnContours.cxx.o
cd /Users/akhil/work_dir/azure/AZURE2/build-macos/minuit2/src && /opt/homebrew/opt/llvm/bin/clang++ -DMATHCORE_STANDALONE -DROOT_Math_VecTypes -I/usr/local/include -I/Users/akhil/work_dir/azure/AZURE2/coul/include -I/Users/akhil/work_dir/azure/AZURE2/minuit2/inc -fopenmp=libomp -O3 -DNDEBUG -std=c++17 -arch arm64 -mmacosx-version-min=10.15 -MD -MT minuit2/src/CMakeFiles/Minuit2.dir/MnContours.cxx.o -MF CMakeFiles/Minuit2.dir/MnContours.cxx.o.d -o CMakeFiles/Minuit2.dir/MnContours.cxx.o -c /Users/akhil/work_dir/azure/AZURE2/minuit2/src/MnContours.cxx
[ 24%] Building CXX object minuit2/src/CMakeFiles/Minuit2.dir/MnCovarianceSqueeze.cxx.o
cd /Users/akhil/work_dir/azure/AZURE2/build-macos/minuit2/src && /opt/homebrew/opt/llvm/bin/clang++ -DMATHCORE_STANDALONE -DROOT_Math_VecTypes -I/usr/local/include -I/Users/akhil/work_dir/azure/AZURE2/coul/include -I/Users/akhil/work_dir/azure/AZURE2/minuit2/inc -fopenmp=libomp -O3 -DNDEBUG -std=c++17 -arch arm64 -mmacosx-version-min=10.15 -MD -MT minuit2/src/CMakeFiles/Minuit2.dir/MnCovarianceSqueeze.cxx.o -MF CMakeFiles/Minuit2.dir/MnCovarianceSqueeze.cxx.o.d -o CMakeFiles/Minuit2.dir/MnCovarianceSqueeze.cxx.o -c /Users/akhil/work_dir/azure/AZURE2/minuit2/src/MnCovarianceSqueeze.cxx
[ 24%] Linking CXX static library libpugixml.a
cd /Users/akhil/work_dir/azure/AZURE2/build-macos/erya/pugixml && /Applications/CMake.app/Contents/bin/cmake -P CMakeFiles/pugixml-static.dir/cmake_clean_target.cmake
[ 24%] Building CXX object minuit2/src/CMakeFiles/Minuit2.dir/MnEigen.cxx.o
cd /Users/akhil/work_dir/azure/AZURE2/build-macos/minuit2/src && /opt/homebrew/opt/llvm/bin/clang++ -DMATHCORE_STANDALONE -DROOT_Math_VecTypes -I/usr/local/include -I/Users/akhil/work_dir/azure/AZURE2/coul/include -I/Users/akhil/work_dir/azure/AZURE2/minuit2/inc -fopenmp=libomp -O3 -DNDEBUG -std=c++17 -arch arm64 -mmacosx-version-min=10.15 -MD -MT minuit2/src/CMakeFiles/Minuit2.dir/MnEigen.cxx.o -MF CMakeFiles/Minuit2.dir/MnEigen.cxx.o.d -o CMakeFiles/Minuit2.dir/MnEigen.cxx.o -c /Users/akhil/work_dir/azure/AZURE2/minuit2/src/MnEigen.cxx
cd /Users/akhil/work_dir/azure/AZURE2/build-macos/erya/pugixml && /Applications/CMake.app/Contents/bin/cmake -E cmake_link_script CMakeFiles/pugixml-static.dir/link.txt --verbose=1
[ 25%] Building CXX object minuit2/src/CMakeFiles/Minuit2.dir/MnFcn.cxx.o
cd /Users/akhil/work_dir/azure/AZURE2/build-macos/minuit2/src && /opt/homebrew/opt/llvm/bin/clang++ -DMATHCORE_STANDALONE -DROOT_Math_VecTypes -I/usr/local/include -I/Users/akhil/work_dir/azure/AZURE2/coul/include -I/Users/akhil/work_dir/azure/AZURE2/minuit2/inc -fopenmp=libomp -O3 -DNDEBUG -std=c++17 -arch arm64 -mmacosx-version-min=10.15 -MD -MT minuit2/src/CMakeFiles/Minuit2.dir/MnFcn.cxx.o -MF CMakeFiles/Minuit2.dir/MnFcn.cxx.o.d -o CMakeFiles/Minuit2.dir/MnFcn.cxx.o -c /Users/akhil/work_dir/azure/AZURE2/minuit2/src/MnFcn.cxx
/usr/bin/ar qc libpugixml.a "CMakeFiles/pugixml-static.dir/src/pugixml.cpp.o"
/opt/homebrew/opt/llvm/bin/llvm-ranlib libpugixml.a
[ 25%] Built target pugixml-static
[ 25%] Building CXX object minuit2/src/CMakeFiles/Minuit2.dir/MnFumiliMinimize.cxx.o
cd /Users/akhil/work_dir/azure/AZURE2/build-macos/minuit2/src && /opt/homebrew/opt/llvm/bin/clang++ -DMATHCORE_STANDALONE -DROOT_Math_VecTypes -I/usr/local/include -I/Users/akhil/work_dir/azure/AZURE2/coul/include -I/Users/akhil/work_dir/azure/AZURE2/minuit2/inc -fopenmp=libomp -O3 -DNDEBUG -std=c++17 -arch arm64 -mmacosx-version-min=10.15 -MD -MT minuit2/src/CMakeFiles/Minuit2.dir/MnFumiliMinimize.cxx.o -MF CMakeFiles/Minuit2.dir/MnFumiliMinimize.cxx.o.d -o CMakeFiles/Minuit2.dir/MnFumiliMinimize.cxx.o -c /Users/akhil/work_dir/azure/AZURE2/minuit2/src/MnFumiliMinimize.cxx
[ 26%] Building CXX object minuit2/src/CMakeFiles/Minuit2.dir/MnFunctionCross.cxx.o
cd /Users/akhil/work_dir/azure/AZURE2/build-macos/minuit2/src && /opt/homebrew/opt/llvm/bin/clang++ -DMATHCORE_STANDALONE -DROOT_Math_VecTypes -I/usr/local/include -I/Users/akhil/work_dir/azure/AZURE2/coul/include -I/Users/akhil/work_dir/azure/AZURE2/minuit2/inc -fopenmp=libomp -O3 -DNDEBUG -std=c++17 -arch arm64 -mmacosx-version-min=10.15 -MD -MT minuit2/src/CMakeFiles/Minuit2.dir/MnFunctionCross.cxx.o -MF CMakeFiles/Minuit2.dir/MnFunctionCross.cxx.o.d -o CMakeFiles/Minuit2.dir/MnFunctionCross.cxx.o -c /Users/akhil/work_dir/azure/AZURE2/minuit2/src/MnFunctionCross.cxx
[ 27%] Building CXX object minuit2/src/CMakeFiles/Minuit2.dir/MnGlobalCorrelationCoeff.cxx.o
cd /Users/akhil/work_dir/azure/AZURE2/build-macos/minuit2/src && /opt/homebrew/opt/llvm/bin/clang++ -DMATHCORE_STANDALONE -DROOT_Math_VecTypes -I/usr/local/include -I/Users/akhil/work_dir/azure/AZURE2/coul/include -I/Users/akhil/work_dir/azure/AZURE2/minuit2/inc -fopenmp=libomp -O3 -DNDEBUG -std=c++17 -arch arm64 -mmacosx-version-min=10.15 -MD -MT minuit2/src/CMakeFiles/Minuit2.dir/MnGlobalCorrelationCoeff.cxx.o -MF CMakeFiles/Minuit2.dir/MnGlobalCorrelationCoeff.cxx.o.d -o CMakeFiles/Minuit2.dir/MnGlobalCorrelationCoeff.cxx.o -c /Users/akhil/work_dir/azure/AZURE2/minuit2/src/MnGlobalCorrelationCoeff.cxx
/Applications/Xcode.app/Contents/Developer/usr/bin/make  -f erya/CMakeFiles/srim_utilities.dir/build.make erya/CMakeFiles/srim_utilities.dir/depend
cd /Users/akhil/work_dir/azure/AZURE2/build-macos && /Applications/CMake.app/Contents/bin/cmake -E cmake_depends "Unix Makefiles" /Users/akhil/work_dir/azure/AZURE2 /Users/akhil/work_dir/azure/AZURE2/erya /Users/akhil/work_dir/azure/AZURE2/build-macos /Users/akhil/work_dir/azure/AZURE2/build-macos/erya /Users/akhil/work_dir/azure/AZURE2/build-macos/erya/CMakeFiles/srim_utilities.dir/DependInfo.cmake "--color="
/Applications/Xcode.app/Contents/Developer/usr/bin/make  -f erya/CMakeFiles/srim_utilities.dir/build.make erya/CMakeFiles/srim_utilities.dir/build
[ 28%] Building CXX object erya/CMakeFiles/srim_utilities.dir/src/SRIMUtilities.cpp.o
cd /Users/akhil/work_dir/azure/AZURE2/build-macos/erya && /opt/homebrew/opt/llvm/bin/clang++  -I/usr/local/include -I/Users/akhil/work_dir/azure/AZURE2/coul/include -I/Users/akhil/work_dir/azure/AZURE2/minuit2/inc -I/Users/akhil/work_dir/azure/AZURE2/erya/include -I/Users/akhil/work_dir/azure/AZURE2/erya/pugixml/src -fopenmp=libomp -O3 -DNDEBUG -std=c++17 -arch arm64 -mmacosx-version-min=10.15 -MD -MT erya/CMakeFiles/srim_utilities.dir/src/SRIMUtilities.cpp.o -MF CMakeFiles/srim_utilities.dir/src/SRIMUtilities.cpp.o.d -o CMakeFiles/srim_utilities.dir/src/SRIMUtilities.cpp.o -c /Users/akhil/work_dir/azure/AZURE2/erya/src/SRIMUtilities.cpp
[ 28%] Building CXX object minuit2/src/CMakeFiles/Minuit2.dir/MnHesse.cxx.o
cd /Users/akhil/work_dir/azure/AZURE2/build-macos/minuit2/src && /opt/homebrew/opt/llvm/bin/clang++ -DMATHCORE_STANDALONE -DROOT_Math_VecTypes -I/usr/local/include -I/Users/akhil/work_dir/azure/AZURE2/coul/include -I/Users/akhil/work_dir/azure/AZURE2/minuit2/inc -fopenmp=libomp -O3 -DNDEBUG -std=c++17 -arch arm64 -mmacosx-version-min=10.15 -MD -MT minuit2/src/CMakeFiles/Minuit2.dir/MnHesse.cxx.o -MF CMakeFiles/Minuit2.dir/MnHesse.cxx.o.d -o CMakeFiles/Minuit2.dir/MnHesse.cxx.o -c /Users/akhil/work_dir/azure/AZURE2/minuit2/src/MnHesse.cxx
[ 29%] Building CXX object minuit2/src/CMakeFiles/Minuit2.dir/MnLineSearch.cxx.o
cd /Users/akhil/work_dir/azure/AZURE2/build-macos/minuit2/src && /opt/homebrew/opt/llvm/bin/clang++ -DMATHCORE_STANDALONE -DROOT_Math_VecTypes -I/usr/local/include -I/Users/akhil/work_dir/azure/AZURE2/coul/include -I/Users/akhil/work_dir/azure/AZURE2/minuit2/inc -fopenmp=libomp -O3 -DNDEBUG -std=c++17 -arch arm64 -mmacosx-version-min=10.15 -MD -MT minuit2/src/CMakeFiles/Minuit2.dir/MnLineSearch.cxx.o -MF CMakeFiles/Minuit2.dir/MnLineSearch.cxx.o.d -o CMakeFiles/Minuit2.dir/MnLineSearch.cxx.o -c /Users/akhil/work_dir/azure/AZURE2/minuit2/src/MnLineSearch.cxx
[ 29%] Building CXX object minuit2/src/CMakeFiles/Minuit2.dir/MnMachinePrecision.cxx.o
cd /Users/akhil/work_dir/azure/AZURE2/build-macos/minuit2/src && /opt/homebrew/opt/llvm/bin/clang++ -DMATHCORE_STANDALONE -DROOT_Math_VecTypes -I/usr/local/include -I/Users/akhil/work_dir/azure/AZURE2/coul/include -I/Users/akhil/work_dir/azure/AZURE2/minuit2/inc -fopenmp=libomp -O3 -DNDEBUG -std=c++17 -arch arm64 -mmacosx-version-min=10.15 -MD -MT minuit2/src/CMakeFiles/Minuit2.dir/MnMachinePrecision.cxx.o -MF CMakeFiles/Minuit2.dir/MnMachinePrecision.cxx.o.d -o CMakeFiles/Minuit2.dir/MnMachinePrecision.cxx.o -c /Users/akhil/work_dir/azure/AZURE2/minuit2/src/MnMachinePrecision.cxx
[ 30%] Building CXX object minuit2/src/CMakeFiles/Minuit2.dir/MnMinos.cxx.o
cd /Users/akhil/work_dir/azure/AZURE2/build-macos/minuit2/src && /opt/homebrew/opt/llvm/bin/clang++ -DMATHCORE_STANDALONE -DROOT_Math_VecTypes -I/usr/local/include -I/Users/akhil/work_dir/azure/AZURE2/coul/include -I/Users/akhil/work_dir/azure/AZURE2/minuit2/inc -fopenmp=libomp -O3 -DNDEBUG -std=c++17 -arch arm64 -mmacosx-version-min=10.15 -MD -MT minuit2/src/CMakeFiles/Minuit2.dir/MnMinos.cxx.o -MF CMakeFiles/Minuit2.dir/MnMinos.cxx.o.d -o CMakeFiles/Minuit2.dir/MnMinos.cxx.o -c /Users/akhil/work_dir/azure/AZURE2/minuit2/src/MnMinos.cxx
[ 30%] Building CXX object minuit2/src/CMakeFiles/Minuit2.dir/MnParabolaFactory.cxx.o
cd /Users/akhil/work_dir/azure/AZURE2/build-macos/minuit2/src && /opt/homebrew/opt/llvm/bin/clang++ -DMATHCORE_STANDALONE -DROOT_Math_VecTypes -I/usr/local/include -I/Users/akhil/work_dir/azure/AZURE2/coul/include -I/Users/akhil/work_dir/azure/AZURE2/minuit2/inc -fopenmp=libomp -O3 -DNDEBUG -std=c++17 -arch arm64 -mmacosx-version-min=10.15 -MD -MT minuit2/src/CMakeFiles/Minuit2.dir/MnParabolaFactory.cxx.o -MF CMakeFiles/Minuit2.dir/MnParabolaFactory.cxx.o.d -o CMakeFiles/Minuit2.dir/MnParabolaFactory.cxx.o -c /Users/akhil/work_dir/azure/AZURE2/minuit2/src/MnParabolaFactory.cxx
[ 31%] Building CXX object minuit2/src/CMakeFiles/Minuit2.dir/MnParameterScan.cxx.o
cd /Users/akhil/work_dir/azure/AZURE2/build-macos/minuit2/src && /opt/homebrew/opt/llvm/bin/clang++ -DMATHCORE_STANDALONE -DROOT_Math_VecTypes -I/usr/local/include -I/Users/akhil/work_dir/azure/AZURE2/coul/include -I/Users/akhil/work_dir/azure/AZURE2/minuit2/inc -fopenmp=libomp -O3 -DNDEBUG -std=c++17 -arch arm64 -mmacosx-version-min=10.15 -MD -MT minuit2/src/CMakeFiles/Minuit2.dir/MnParameterScan.cxx.o -MF CMakeFiles/Minuit2.dir/MnParameterScan.cxx.o.d -o CMakeFiles/Minuit2.dir/MnParameterScan.cxx.o -c /Users/akhil/work_dir/azure/AZURE2/minuit2/src/MnParameterScan.cxx
[ 31%] Building CXX object minuit2/src/CMakeFiles/Minuit2.dir/MnPosDef.cxx.o
cd /Users/akhil/work_dir/azure/AZURE2/build-macos/minuit2/src && /opt/homebrew/opt/llvm/bin/clang++ -DMATHCORE_STANDALONE -DROOT_Math_VecTypes -I/usr/local/include -I/Users/akhil/work_dir/azure/AZURE2/coul/include -I/Users/akhil/work_dir/azure/AZURE2/minuit2/inc -fopenmp=libomp -O3 -DNDEBUG -std=c++17 -arch arm64 -mmacosx-version-min=10.15 -MD -MT minuit2/src/CMakeFiles/Minuit2.dir/MnPosDef.cxx.o -MF CMakeFiles/Minuit2.dir/MnPosDef.cxx.o.d -o CMakeFiles/Minuit2.dir/MnPosDef.cxx.o -c /Users/akhil/work_dir/azure/AZURE2/minuit2/src/MnPosDef.cxx
[ 32%] Building CXX object minuit2/src/CMakeFiles/Minuit2.dir/MnPlot.cxx.o
cd /Users/akhil/work_dir/azure/AZURE2/build-macos/minuit2/src && /opt/homebrew/opt/llvm/bin/clang++ -DMATHCORE_STANDALONE -DROOT_Math_VecTypes -I/usr/local/include -I/Users/akhil/work_dir/azure/AZURE2/coul/include -I/Users/akhil/work_dir/azure/AZURE2/minuit2/inc -fopenmp=libomp -O3 -DNDEBUG -std=c++17 -arch arm64 -mmacosx-version-min=10.15 -MD -MT minuit2/src/CMakeFiles/Minuit2.dir/MnPlot.cxx.o -MF CMakeFiles/Minuit2.dir/MnPlot.cxx.o.d -o CMakeFiles/Minuit2.dir/MnPlot.cxx.o -c /Users/akhil/work_dir/azure/AZURE2/minuit2/src/MnPlot.cxx
[ 33%] Building CXX object minuit2/src/CMakeFiles/Minuit2.dir/MnPrint.cxx.o
cd /Users/akhil/work_dir/azure/AZURE2/build-macos/minuit2/src && /opt/homebrew/opt/llvm/bin/clang++ -DMATHCORE_STANDALONE -DROOT_Math_VecTypes -I/usr/local/include -I/Users/akhil/work_dir/azure/AZURE2/coul/include -I/Users/akhil/work_dir/azure/AZURE2/minuit2/inc -fopenmp=libomp -O3 -DNDEBUG -std=c++17 -arch arm64 -mmacosx-version-min=10.15 -MD -MT minuit2/src/CMakeFiles/Minuit2.dir/MnPrint.cxx.o -MF CMakeFiles/Minuit2.dir/MnPrint.cxx.o.d -o CMakeFiles/Minuit2.dir/MnPrint.cxx.o -c /Users/akhil/work_dir/azure/AZURE2/minuit2/src/MnPrint.cxx
[ 33%] Building CXX object minuit2/src/CMakeFiles/Minuit2.dir/MnPrintImpl.cxx.o
cd /Users/akhil/work_dir/azure/AZURE2/build-macos/minuit2/src && /opt/homebrew/opt/llvm/bin/clang++ -DMATHCORE_STANDALONE -DROOT_Math_VecTypes -I/usr/local/include -I/Users/akhil/work_dir/azure/AZURE2/coul/include -I/Users/akhil/work_dir/azure/AZURE2/minuit2/inc -fopenmp=libomp -O3 -DNDEBUG -std=c++17 -arch arm64 -mmacosx-version-min=10.15 -MD -MT minuit2/src/CMakeFiles/Minuit2.dir/MnPrintImpl.cxx.o -MF CMakeFiles/Minuit2.dir/MnPrintImpl.cxx.o.d -o CMakeFiles/Minuit2.dir/MnPrintImpl.cxx.o -c /Users/akhil/work_dir/azure/AZURE2/minuit2/src/MnPrintImpl.cxx
[ 34%] Building CXX object minuit2/src/CMakeFiles/Minuit2.dir/MnScan.cxx.o
cd /Users/akhil/work_dir/azure/AZURE2/build-macos/minuit2/src && /opt/homebrew/opt/llvm/bin/clang++ -DMATHCORE_STANDALONE -DROOT_Math_VecTypes -I/usr/local/include -I/Users/akhil/work_dir/azure/AZURE2/coul/include -I/Users/akhil/work_dir/azure/AZURE2/minuit2/inc -fopenmp=libomp -O3 -DNDEBUG -std=c++17 -arch arm64 -mmacosx-version-min=10.15 -MD -MT minuit2/src/CMakeFiles/Minuit2.dir/MnScan.cxx.o -MF CMakeFiles/Minuit2.dir/MnScan.cxx.o.d -o CMakeFiles/Minuit2.dir/MnScan.cxx.o -c /Users/akhil/work_dir/azure/AZURE2/minuit2/src/MnScan.cxx
[ 34%] Building CXX object minuit2/src/CMakeFiles/Minuit2.dir/MnSeedGenerator.cxx.o
cd /Users/akhil/work_dir/azure/AZURE2/build-macos/minuit2/src && /opt/homebrew/opt/llvm/bin/clang++ -DMATHCORE_STANDALONE -DROOT_Math_VecTypes -I/usr/local/include -I/Users/akhil/work_dir/azure/AZURE2/coul/include -I/Users/akhil/work_dir/azure/AZURE2/minuit2/inc -fopenmp=libomp -O3 -DNDEBUG -std=c++17 -arch arm64 -mmacosx-version-min=10.15 -MD -MT minuit2/src/CMakeFiles/Minuit2.dir/MnSeedGenerator.cxx.o -MF CMakeFiles/Minuit2.dir/MnSeedGenerator.cxx.o.d -o CMakeFiles/Minuit2.dir/MnSeedGenerator.cxx.o -c /Users/akhil/work_dir/azure/AZURE2/minuit2/src/MnSeedGenerator.cxx
[ 35%] Building CXX object minuit2/src/CMakeFiles/Minuit2.dir/MnStrategy.cxx.o
cd /Users/akhil/work_dir/azure/AZURE2/build-macos/minuit2/src && /opt/homebrew/opt/llvm/bin/clang++ -DMATHCORE_STANDALONE -DROOT_Math_VecTypes -I/usr/local/include -I/Users/akhil/work_dir/azure/AZURE2/coul/include -I/Users/akhil/work_dir/azure/AZURE2/minuit2/inc -fopenmp=libomp -O3 -DNDEBUG -std=c++17 -arch arm64 -mmacosx-version-min=10.15 -MD -MT minuit2/src/CMakeFiles/Minuit2.dir/MnStrategy.cxx.o -MF CMakeFiles/Minuit2.dir/MnStrategy.cxx.o.d -o CMakeFiles/Minuit2.dir/MnStrategy.cxx.o -c /Users/akhil/work_dir/azure/AZURE2/minuit2/src/MnStrategy.cxx
[ 36%] Building CXX object minuit2/src/CMakeFiles/Minuit2.dir/MnTiny.cxx.o
cd /Users/akhil/work_dir/azure/AZURE2/build-macos/minuit2/src && /opt/homebrew/opt/llvm/bin/clang++ -DMATHCORE_STANDALONE -DROOT_Math_VecTypes -I/usr/local/include -I/Users/akhil/work_dir/azure/AZURE2/coul/include -I/Users/akhil/work_dir/azure/AZURE2/minuit2/inc -fopenmp=libomp -O3 -DNDEBUG -std=c++17 -arch arm64 -mmacosx-version-min=10.15 -MD -MT minuit2/src/CMakeFiles/Minuit2.dir/MnTiny.cxx.o -MF CMakeFiles/Minuit2.dir/MnTiny.cxx.o.d -o CMakeFiles/Minuit2.dir/MnTiny.cxx.o -c /Users/akhil/work_dir/azure/AZURE2/minuit2/src/MnTiny.cxx
[ 36%] Building CXX object minuit2/src/CMakeFiles/Minuit2.dir/MnTraceObject.cxx.o
cd /Users/akhil/work_dir/azure/AZURE2/build-macos/minuit2/src && /opt/homebrew/opt/llvm/bin/clang++ -DMATHCORE_STANDALONE -DROOT_Math_VecTypes -I/usr/local/include -I/Users/akhil/work_dir/azure/AZURE2/coul/include -I/Users/akhil/work_dir/azure/AZURE2/minuit2/inc -fopenmp=libomp -O3 -DNDEBUG -std=c++17 -arch arm64 -mmacosx-version-min=10.15 -MD -MT minuit2/src/CMakeFiles/Minuit2.dir/MnTraceObject.cxx.o -MF CMakeFiles/Minuit2.dir/MnTraceObject.cxx.o.d -o CMakeFiles/Minuit2.dir/MnTraceObject.cxx.o -c /Users/akhil/work_dir/azure/AZURE2/minuit2/src/MnTraceObject.cxx
[ 37%] Linking CXX static library libsrim_utilities.a
cd /Users/akhil/work_dir/azure/AZURE2/build-macos/erya && /Applications/CMake.app/Contents/bin/cmake -P CMakeFiles/srim_utilities.dir/cmake_clean_target.cmake
[ 38%] Building CXX object minuit2/src/CMakeFiles/Minuit2.dir/MnUserFcn.cxx.o
cd /Users/akhil/work_dir/azure/AZURE2/build-macos/minuit2/src && /opt/homebrew/opt/llvm/bin/clang++ -DMATHCORE_STANDALONE -DROOT_Math_VecTypes -I/usr/local/include -I/Users/akhil/work_dir/azure/AZURE2/coul/include -I/Users/akhil/work_dir/azure/AZURE2/minuit2/inc -fopenmp=libomp -O3 -DNDEBUG -std=c++17 -arch arm64 -mmacosx-version-min=10.15 -MD -MT minuit2/src/CMakeFiles/Minuit2.dir/MnUserFcn.cxx.o -MF CMakeFiles/Minuit2.dir/MnUserFcn.cxx.o.d -o CMakeFiles/Minuit2.dir/MnUserFcn.cxx.o -c /Users/akhil/work_dir/azure/AZURE2/minuit2/src/MnUserFcn.cxx
cd /Users/akhil/work_dir/azure/AZURE2/build-macos/erya && /Applications/CMake.app/Contents/bin/cmake -E cmake_link_script CMakeFiles/srim_utilities.dir/link.txt --verbose=1
[ 38%] Building CXX object minuit2/src/CMakeFiles/Minuit2.dir/MnUserParameterState.cxx.o
cd /Users/akhil/work_dir/azure/AZURE2/build-macos/minuit2/src && /opt/homebrew/opt/llvm/bin/clang++ -DMATHCORE_STANDALONE -DROOT_Math_VecTypes -I/usr/local/include -I/Users/akhil/work_dir/azure/AZURE2/coul/include -I/Users/akhil/work_dir/azure/AZURE2/minuit2/inc -fopenmp=libomp -O3 -DNDEBUG -std=c++17 -arch arm64 -mmacosx-version-min=10.15 -MD -MT minuit2/src/CMakeFiles/Minuit2.dir/MnUserParameterState.cxx.o -MF CMakeFiles/Minuit2.dir/MnUserParameterState.cxx.o.d -o CMakeFiles/Minuit2.dir/MnUserParameterState.cxx.o -c /Users/akhil/work_dir/azure/AZURE2/minuit2/src/MnUserParameterState.cxx
[ 39%] Building CXX object minuit2/src/CMakeFiles/Minuit2.dir/MnUserParameters.cxx.o
cd /Users/akhil/work_dir/azure/AZURE2/build-macos/minuit2/src && /opt/homebrew/opt/llvm/bin/clang++ -DMATHCORE_STANDALONE -DROOT_Math_VecTypes -I/usr/local/include -I/Users/akhil/work_dir/azure/AZURE2/coul/include -I/Users/akhil/work_dir/azure/AZURE2/minuit2/inc -fopenmp=libomp -O3 -DNDEBUG -std=c++17 -arch arm64 -mmacosx-version-min=10.15 -MD -MT minuit2/src/CMakeFiles/Minuit2.dir/MnUserParameters.cxx.o -MF CMakeFiles/Minuit2.dir/MnUserParameters.cxx.o.d -o CMakeFiles/Minuit2.dir/MnUserParameters.cxx.o -c /Users/akhil/work_dir/azure/AZURE2/minuit2/src/MnUserParameters.cxx
/usr/bin/ar qc libsrim_utilities.a CMakeFiles/srim_utilities.dir/src/SRIMUtilities.cpp.o
/opt/homebrew/opt/llvm/bin/llvm-ranlib libsrim_utilities.a
[ 39%] Built target srim_utilities
/Applications/Xcode.app/Contents/Developer/usr/bin/make  -f gui/src/CMakeFiles/AZURESetup_autogen_timestamp_deps.dir/build.make gui/src/CMakeFiles/AZURESetup_autogen_timestamp_deps.dir/depend
cd /Users/akhil/work_dir/azure/AZURE2/build-macos && /Applications/CMake.app/Contents/bin/cmake -E cmake_depends "Unix Makefiles" /Users/akhil/work_dir/azure/AZURE2 /Users/akhil/work_dir/azure/AZURE2/gui/src /Users/akhil/work_dir/azure/AZURE2/build-macos /Users/akhil/work_dir/azure/AZURE2/build-macos/gui/src /Users/akhil/work_dir/azure/AZURE2/build-macos/gui/src/CMakeFiles/AZURESetup_autogen_timestamp_deps.dir/DependInfo.cmake "--color="
[ 40%] Building CXX object minuit2/src/CMakeFiles/Minuit2.dir/MnUserTransformation.cxx.o
cd /Users/akhil/work_dir/azure/AZURE2/build-macos/minuit2/src && /opt/homebrew/opt/llvm/bin/clang++ -DMATHCORE_STANDALONE -DROOT_Math_VecTypes -I/usr/local/include -I/Users/akhil/work_dir/azure/AZURE2/coul/include -I/Users/akhil/work_dir/azure/AZURE2/minuit2/inc -fopenmp=libomp -O3 -DNDEBUG -std=c++17 -arch arm64 -mmacosx-version-min=10.15 -MD -MT minuit2/src/CMakeFiles/Minuit2.dir/MnUserTransformation.cxx.o -MF CMakeFiles/Minuit2.dir/MnUserTransformation.cxx.o.d -o CMakeFiles/Minuit2.dir/MnUserTransformation.cxx.o -c /Users/akhil/work_dir/azure/AZURE2/minuit2/src/MnUserTransformation.cxx
/Applications/Xcode.app/Contents/Developer/usr/bin/make  -f gui/src/CMakeFiles/AZURESetup_autogen_timestamp_deps.dir/build.make gui/src/CMakeFiles/AZURESetup_autogen_timestamp_deps.dir/build
[ 40%] Building CXX object minuit2/src/CMakeFiles/Minuit2.dir/ModularFunctionMinimizer.cxx.o
cd /Users/akhil/work_dir/azure/AZURE2/build-macos/minuit2/src && /opt/homebrew/opt/llvm/bin/clang++ -DMATHCORE_STANDALONE -DROOT_Math_VecTypes -I/usr/local/include -I/Users/akhil/work_dir/azure/AZURE2/coul/include -I/Users/akhil/work_dir/azure/AZURE2/minuit2/inc -fopenmp=libomp -O3 -DNDEBUG -std=c++17 -arch arm64 -mmacosx-version-min=10.15 -MD -MT minuit2/src/CMakeFiles/Minuit2.dir/ModularFunctionMinimizer.cxx.o -MF CMakeFiles/Minuit2.dir/ModularFunctionMinimizer.cxx.o.d -o CMakeFiles/Minuit2.dir/ModularFunctionMinimizer.cxx.o -c /Users/akhil/work_dir/azure/AZURE2/minuit2/src/ModularFunctionMinimizer.cxx
make[2]: Nothing to be done for `gui/src/CMakeFiles/AZURESetup_autogen_timestamp_deps.dir/build'.
[ 40%] Built target AZURESetup_autogen_timestamp_deps
/Applications/Xcode.app/Contents/Developer/usr/bin/make  -f gui/src/CMakeFiles/AZURESetup_autogen.dir/build.make gui/src/CMakeFiles/AZURESetup_autogen.dir/depend
cd /Users/akhil/work_dir/azure/AZURE2/build-macos && /Applications/CMake.app/Contents/bin/cmake -E cmake_depends "Unix Makefiles" /Users/akhil/work_dir/azure/AZURE2 /Users/akhil/work_dir/azure/AZURE2/gui/src /Users/akhil/work_dir/azure/AZURE2/build-macos /Users/akhil/work_dir/azure/AZURE2/build-macos/gui/src /Users/akhil/work_dir/azure/AZURE2/build-macos/gui/src/CMakeFiles/AZURESetup_autogen.dir/DependInfo.cmake "--color="
/Applications/Xcode.app/Contents/Developer/usr/bin/make  -f gui/src/CMakeFiles/AZURESetup_autogen.dir/build.make gui/src/CMakeFiles/AZURESetup_autogen.dir/build
[ 40%] Automatic MOC and UIC for target AZURESetup
cd /Users/akhil/work_dir/azure/AZURE2/build-macos/gui/src && /Applications/CMake.app/Contents/bin/cmake -E cmake_autogen /Users/akhil/work_dir/azure/AZURE2/build-macos/gui/src/CMakeFiles/AZURESetup_autogen.dir/AutogenInfo.json Release
AutoGen: Refreshing parse cache because it doesn't exist.
AutoMoc: Generating "SRC:/build-macos/gui/src/AZURESetup_autogen/moc_predefs.h", because it doesn't exist.
/opt/homebrew/opt/llvm/bin/clang++ -std=c++17 -w -dM -E /Applications/CMake.app/Contents/share/cmake-4.1/Modules/CMakeCXXCompilerABI.cpp -DMACX_SPACING -DQT_CORE_LIB -DQT_GUI_LIB -DQT_NETWORK_LIB -DQT_NO_DEBUG -DQT_PRINTSUPPORT_LIB -DQT_WIDGETS_LIB -DUSE_ERYA -DUSE_QWT -I/usr/local/include -I/Users/akhil/work_dir/azure/AZURE2/coul/include -I/Users/akhil/work_dir/azure/AZURE2/minuit2/inc -I/Users/akhil/work_dir/azure/AZURE2/erya/include -I/Users/akhil/work_dir/azure/AZURE2/erya/pugixml/src -I/opt/homebrew/opt/qwt/include -I/Users/akhil/work_dir/azure/AZURE2/gui/include -I/Users/akhil/work_dir/azure/AZURE2/include -I/opt/homebrew/opt/qwt/lib/qwt.framework -I/opt/anaconda3/include/qt -I/opt/anaconda3/include/qt/QtCore -I/opt/anaconda3/mkspecs/macx-clang -I/opt/anaconda3/include/qt/QtGui -I/Library/Developer/CommandLineTools/SDKs/MacOSX.sdk/System/Library/Frameworks/OpenGL.framework/Headers -I/opt/anaconda3/include/qt/QtPrintSupport -I/opt/anaconda3/include/qt/QtWidgets -I/opt/anaconda3/include/qt/QtNetwork -I/opt/homebrew/Cellar/llvm/21.1.5/include/c++/v1 -I/opt/homebrew/Cellar/llvm/21.1.5/lib/clang/21/include -I/Library/Developer/CommandLineTools/SDKs/MacOSX26.sdk/usr/include -F /Library/Developer/CommandLineTools/SDKs/MacOSX.sdk/System/Library/Frameworks
AutoGen: Parsing "SRC:/gui/include/AZURESetup.h"
AutoGen: Parsing "SRC:/gui/include/AddLevelDialog.h"
AutoGen: Parsing "SRC:/gui/include/AddPairDialog.h"
AutoGen: Parsing "SRC:/gui/include/AZUREPlot.h"
AutoGen: Parsing "SRC:/gui/include/AboutAZURE2Dialog.h"
AutoGen: Parsing "SRC:/gui/include/AZUREMainThread.h"
AutoGen: Parsing "SRC:/gui/include/ChannelsModel.h"
AutoGen: Parsing "SRC:/gui/include/ChooseFileButton.h"
AutoGen: Parsing "SRC:/gui/include/EditChecksDialog.h"
AutoGen: Parsing "SRC:/gui/include/EditDirsDialog.h"
AutoGen: Parsing "SRC:/gui/include/EditOptionsDialog.h"
AutoGen: Parsing "SRC:/gui/include/ElementMap.h"
AutoGen: Parsing "SRC:/gui/include/FilteredTextEdit.h"
AutoGen: Parsing "SRC:/gui/include/AddSegDataDialog.h"
AutoGen: Parsing "SRC:/gui/include/IAEALevelData.h"
AutoGen: Parsing "SRC:/gui/include/IAEALevelDialog.h"
AutoGen: Parsing "SRC:/gui/include/InfoDialog.h"
AutoGen: Parsing "SRC:/gui/include/LevelsModel.h"
AutoGen: Parsing "SRC:/gui/include/LevelsTab.h"
AutoGen: Parsing "SRC:/gui/include/PairsModel.h"
AutoGen: Parsing "SRC:/gui/include/PairsTab.h"
AutoGen: Parsing "SRC:/gui/include/PlotTab.h"
AutoGen: Parsing "SRC:/gui/include/RichTextDelegate.h"
AutoGen: Parsing "SRC:/gui/include/RunTab.h"
AutoGen: Parsing "SRC:/gui/include/SegmentsDataModel.h"
AutoGen: Parsing "SRC:/gui/include/SegmentsTab.h"
AutoGen: Parsing "SRC:/gui/include/SegmentsTestModel.h"
AutoGen: Parsing "SRC:/gui/include/AddSegTestDialog.h"
AutoGen: Parsing "SRC:/gui/include/TargetIntTab.h"
AutoGen: Parsing "SRC:/gui/include/ChannelDetails.h"
AutoGen: Parsing "SRC:/gui/src/AZUREPlot.cpp"
AutoGen: Parsing "SRC:/gui/src/AZURESetup.cpp"
AutoGen: Parsing "SRC:/gui/src/AboutAZURE2Dialog.cpp"
AutoGen: Parsing "SRC:/gui/src/AddPairDialog.cpp"
AutoGen: Parsing "SRC:/gui/include/AddTargetIntDialog.h"
AutoGen: Parsing "SRC:/gui/include/TargetIntModel.h"
AutoGen: Parsing "SRC:/gui/include/TextEditBuffer.h"
AutoGen: Parsing "SRC:/gui/src/AddSegDataDialog.cpp"
AutoGen: Parsing "SRC:/gui/src/AddLevelDialog.cpp"
AutoGen: Parsing "SRC:/gui/src/AddSegTestDialog.cpp"
AutoGen: Parsing "SRC:/gui/src/AddTargetIntDialog.cpp"
AutoGen: Parsing "SRC:/gui/src/ChannelDetails.cpp"
AutoGen: Parsing "SRC:/gui/src/ChooseFileButton.cpp"
AutoGen: Parsing "SRC:/gui/src/EditChecksDialog.cpp"
AutoGen: Parsing "SRC:/gui/src/EditDirsDialog.cpp"
AutoGen: Parsing "SRC:/gui/src/FittingTab.cpp"
AutoGen: Parsing "SRC:/gui/include/FittingTab.h"
AutoGen: Parsing "SRC:/gui/src/ChannelsModel.cpp"
AutoGen: Parsing "SRC:/gui/src/IAEALevelDialog.cpp"
AutoGen: Parsing "SRC:/gui/src/InTabDocs.cpp"
AutoGen: Parsing "SRC:/gui/src/InfoDialog.cpp"
AutoGen: Parsing "SRC:/gui/src/EditOptionsDialog.cpp"
AutoGen: Parsing "SRC:/gui/src/LevelsModel.cpp"
AutoGen: Parsing "SRC:/gui/src/LevelsTab.cpp"
AutoGen: Parsing "SRC:/gui/src/IAEALevelData.cpp"
AutoGen: Parsing "SRC:/gui/src/PairsModel.cpp"
AutoGen: Parsing "SRC:/gui/src/PairsTab.cpp"
AutoGen: Parsing "SRC:/gui/src/PlotTab.cpp"
AutoGen: Parsing "SRC:/gui/src/RichTextDelegate.cpp"
AutoGen: Parsing "SRC:/gui/src/RunTab.cpp"
AutoGen: Parsing "SRC:/gui/src/SegmentsDataModel.cpp"
AutoGen: Parsing "SRC:/gui/src/SegmentsTab.cpp"
AutoGen: Parsing "SRC:/gui/src/SegmentsTestModel.cpp"
AutoGen: Parsing "SRC:/gui/src/TargetIntModel.cpp"
AutoGen: Parsing "SRC:/gui/src/TargetIntTab.cpp"
AutoGen: Parsing "SRC:/gui/src/main.cpp"
AutoMoc: Generating "SRC:/build-macos/gui/src/AZURESetup_autogen/FXHWMZGTYG/moc_AZUREPlot.cpp", because it doesn't exist, from "SRC:/gui/include/AZUREPlot.h"
/opt/anaconda3/bin/moc -DMACX_SPACING -DQT_CORE_LIB -DQT_GUI_LIB -DQT_NETWORK_LIB -DQT_NO_DEBUG -DQT_PRINTSUPPORT_LIB -DQT_WIDGETS_LIB -DUSE_ERYA -DUSE_QWT -I/usr/local/include -I/Users/akhil/work_dir/azure/AZURE2/coul/include -I/Users/akhil/work_dir/azure/AZURE2/minuit2/inc -I/Users/akhil/work_dir/azure/AZURE2/erya/include -I/Users/akhil/work_dir/azure/AZURE2/erya/pugixml/src -I/opt/homebrew/opt/qwt/include -I/Users/akhil/work_dir/azure/AZURE2/gui/include -I/Users/akhil/work_dir/azure/AZURE2/include -I/opt/homebrew/opt/qwt/lib/qwt.framework -I/opt/anaconda3/include/qt -I/opt/anaconda3/include/qt/QtCore -I/opt/anaconda3/mkspecs/macx-clang -I/opt/anaconda3/include/qt/QtGui -I/Library/Developer/CommandLineTools/SDKs/MacOSX.sdk/System/Library/Frameworks/OpenGL.framework/Headers -I/opt/anaconda3/include/qt/QtPrintSupport -I/opt/anaconda3/include/qt/QtWidgets -I/opt/anaconda3/include/qt/QtNetwork -I/opt/homebrew/Cellar/llvm/21.1.5/include/c++/v1 -I/opt/homebrew/Cellar/llvm/21.1.5/lib/clang/21/include -I/Library/Developer/CommandLineTools/SDKs/MacOSX26.sdk/usr/include -F /Library/Developer/CommandLineTools/SDKs/MacOSX.sdk/System/Library/Frameworks --include /Users/akhil/work_dir/azure/AZURE2/build-macos/gui/src/AZURESetup_autogen/moc_predefs.h --output-dep-file -o /Users/akhil/work_dir/azure/AZURE2/build-macos/gui/src/AZURESetup_autogen/FXHWMZGTYG/moc_AZUREPlot.cpp /Users/akhil/work_dir/azure/AZURE2/gui/include/AZUREPlot.h
AutoMoc: Generating "SRC:/build-macos/gui/src/AZURESetup_autogen/FXHWMZGTYG/moc_AZUREMainThread.cpp", because it doesn't exist, from "SRC:/gui/include/AZUREMainThread.h"
/opt/anaconda3/bin/moc -DMACX_SPACING -DQT_CORE_LIB -DQT_GUI_LIB -DQT_NETWORK_LIB -DQT_NO_DEBUG -DQT_PRINTSUPPORT_LIB -DQT_WIDGETS_LIB -DUSE_ERYA -DUSE_QWT -I/usr/local/include -I/Users/akhil/work_dir/azure/AZURE2/coul/include -I/Users/akhil/work_dir/azure/AZURE2/minuit2/inc -I/Users/akhil/work_dir/azure/AZURE2/erya/include -I/Users/akhil/work_dir/azure/AZURE2/erya/pugixml/src -I/opt/homebrew/opt/qwt/include -I/Users/akhil/work_dir/azure/AZURE2/gui/include -I/Users/akhil/work_dir/azure/AZURE2/include -I/opt/homebrew/opt/qwt/lib/qwt.framework -I/opt/anaconda3/include/qt -I/opt/anaconda3/include/qt/QtCore -I/opt/anaconda3/mkspecs/macx-clang -I/opt/anaconda3/include/qt/QtGui -I/Library/Developer/CommandLineTools/SDKs/MacOSX.sdk/System/Library/Frameworks/OpenGL.framework/Headers -I/opt/anaconda3/include/qt/QtPrintSupport -I/opt/anaconda3/include/qt/QtWidgets -I/opt/anaconda3/include/qt/QtNetwork -I/opt/homebrew/Cellar/llvm/21.1.5/include/c++/v1 -I/opt/homebrew/Cellar/llvm/21.1.5/lib/clang/21/include -I/Library/Developer/CommandLineTools/SDKs/MacOSX26.sdk/usr/include -F /Library/Developer/CommandLineTools/SDKs/MacOSX.sdk/System/Library/Frameworks --include /Users/akhil/work_dir/azure/AZURE2/build-macos/gui/src/AZURESetup_autogen/moc_predefs.h --output-dep-file -o /Users/akhil/work_dir/azure/AZURE2/build-macos/gui/src/AZURESetup_autogen/FXHWMZGTYG/moc_AZUREMainThread.cpp /Users/akhil/work_dir/azure/AZURE2/gui/include/AZUREMainThread.h
AutoMoc: Generating "SRC:/build-macos/gui/src/AZURESetup_autogen/FXHWMZGTYG/moc_AddPairDialog.cpp", because it doesn't exist, from "SRC:/gui/include/AddPairDialog.h"
/opt/anaconda3/bin/moc -DMACX_SPACING -DQT_CORE_LIB -DQT_GUI_LIB -DQT_NETWORK_LIB -DQT_NO_DEBUG -DQT_PRINTSUPPORT_LIB -DQT_WIDGETS_LIB -DUSE_ERYA -DUSE_QWT -I/usr/local/include -I/Users/akhil/work_dir/azure/AZURE2/coul/include -I/Users/akhil/work_dir/azure/AZURE2/minuit2/inc -I/Users/akhil/work_dir/azure/AZURE2/erya/include -I/Users/akhil/work_dir/azure/AZURE2/erya/pugixml/src -I/opt/homebrew/opt/qwt/include -I/Users/akhil/work_dir/azure/AZURE2/gui/include -I/Users/akhil/work_dir/azure/AZURE2/include -I/opt/homebrew/opt/qwt/lib/qwt.framework -I/opt/anaconda3/include/qt -I/opt/anaconda3/include/qt/QtCore -I/opt/anaconda3/mkspecs/macx-clang -I/opt/anaconda3/include/qt/QtGui -I/Library/Developer/CommandLineTools/SDKs/MacOSX.sdk/System/Library/Frameworks/OpenGL.framework/Headers -I/opt/anaconda3/include/qt/QtPrintSupport -I/opt/anaconda3/include/qt/QtWidgets -I/opt/anaconda3/include/qt/QtNetwork -I/opt/homebrew/Cellar/llvm/21.1.5/include/c++/v1 -I/opt/homebrew/Cellar/llvm/21.1.5/lib/clang/21/include -I/Library/Developer/CommandLineTools/SDKs/MacOSX26.sdk/usr/include -F /Library/Developer/CommandLineTools/SDKs/MacOSX.sdk/System/Library/Frameworks --include /Users/akhil/work_dir/azure/AZURE2/build-macos/gui/src/AZURESetup_autogen/moc_predefs.h --output-dep-file -o /Users/akhil/work_dir/azure/AZURE2/build-macos/gui/src/AZURESetup_autogen/FXHWMZGTYG/moc_AddPairDialog.cpp /Users/akhil/work_dir/azure/AZURE2/gui/include/AddPairDialog.h
AutoMoc: Generating "SRC:/build-macos/gui/src/AZURESetup_autogen/FXHWMZGTYG/moc_AddSegDataDialog.cpp", because it doesn't exist, from "SRC:/gui/include/AddSegDataDialog.h"
/opt/anaconda3/bin/moc -DMACX_SPACING -DQT_CORE_LIB -DQT_GUI_LIB -DQT_NETWORK_LIB -DQT_NO_DEBUG -DQT_PRINTSUPPORT_LIB -DQT_WIDGETS_LIB -DUSE_ERYA -DUSE_QWT -I/usr/local/include -I/Users/akhil/work_dir/azure/AZURE2/coul/include -I/Users/akhil/work_dir/azure/AZURE2/minuit2/inc -I/Users/akhil/work_dir/azure/AZURE2/erya/include -I/Users/akhil/work_dir/azure/AZURE2/erya/pugixml/src -I/opt/homebrew/opt/qwt/include -I/Users/akhil/work_dir/azure/AZURE2/gui/include -I/Users/akhil/work_dir/azure/AZURE2/include -I/opt/homebrew/opt/qwt/lib/qwt.framework -I/opt/anaconda3/include/qt -I/opt/anaconda3/include/qt/QtCore -I/opt/anaconda3/mkspecs/macx-clang -I/opt/anaconda3/include/qt/QtGui -I/Library/Developer/CommandLineTools/SDKs/MacOSX.sdk/System/Library/Frameworks/OpenGL.framework/Headers -I/opt/anaconda3/include/qt/QtPrintSupport -I/opt/anaconda3/include/qt/QtWidgets -I/opt/anaconda3/include/qt/QtNetwork -I/opt/homebrew/Cellar/llvm/21.1.5/include/c++/v1 -I/opt/homebrew/Cellar/llvm/21.1.5/lib/clang/21/include -I/Library/Developer/CommandLineTools/SDKs/MacOSX26.sdk/usr/include -F /Library/Developer/CommandLineTools/SDKs/MacOSX.sdk/System/Library/Frameworks --include /Users/akhil/work_dir/azure/AZURE2/build-macos/gui/src/AZURESetup_autogen/moc_predefs.h --output-dep-file -o /Users/akhil/work_dir/azure/AZURE2/build-macos/gui/src/AZURESetup_autogen/FXHWMZGTYG/moc_AddSegDataDialog.cpp /Users/akhil/work_dir/azure/AZURE2/gui/include/AddSegDataDialog.h
AutoMoc: Generating "SRC:/build-macos/gui/src/AZURESetup_autogen/FXHWMZGTYG/moc_AZURESetup.cpp", because it doesn't exist, from "SRC:/gui/include/AZURESetup.h"
/opt/anaconda3/bin/moc -DMACX_SPACING -DQT_CORE_LIB -DQT_GUI_LIB -DQT_NETWORK_LIB -DQT_NO_DEBUG -DQT_PRINTSUPPORT_LIB -DQT_WIDGETS_LIB -DUSE_ERYA -DUSE_QWT -I/usr/local/include -I/Users/akhil/work_dir/azure/AZURE2/coul/include -I/Users/akhil/work_dir/azure/AZURE2/minuit2/inc -I/Users/akhil/work_dir/azure/AZURE2/erya/include -I/Users/akhil/work_dir/azure/AZURE2/erya/pugixml/src -I/opt/homebrew/opt/qwt/include -I/Users/akhil/work_dir/azure/AZURE2/gui/include -I/Users/akhil/work_dir/azure/AZURE2/include -I/opt/homebrew/opt/qwt/lib/qwt.framework -I/opt/anaconda3/include/qt -I/opt/anaconda3/include/qt/QtCore -I/opt/anaconda3/mkspecs/macx-clang -I/opt/anaconda3/include/qt/QtGui -I/Library/Developer/CommandLineTools/SDKs/MacOSX.sdk/System/Library/Frameworks/OpenGL.framework/Headers -I/opt/anaconda3/include/qt/QtPrintSupport -I/opt/anaconda3/include/qt/QtWidgets -I/opt/anaconda3/include/qt/QtNetwork -I/opt/homebrew/Cellar/llvm/21.1.5/include/c++/v1 -I/opt/homebrew/Cellar/llvm/21.1.5/lib/clang/21/include -I/Library/Developer/CommandLineTools/SDKs/MacOSX26.sdk/usr/include -F /Library/Developer/CommandLineTools/SDKs/MacOSX.sdk/System/Library/Frameworks --include /Users/akhil/work_dir/azure/AZURE2/build-macos/gui/src/AZURESetup_autogen/moc_predefs.h --output-dep-file -o /Users/akhil/work_dir/azure/AZURE2/build-macos/gui/src/AZURESetup_autogen/FXHWMZGTYG/moc_AZURESetup.cpp /Users/akhil/work_dir/azure/AZURE2/gui/include/AZURESetup.h
AutoMoc: Generating "SRC:/build-macos/gui/src/AZURESetup_autogen/FXHWMZGTYG/moc_AddLevelDialog.cpp", because it doesn't exist, from "SRC:/gui/include/AddLevelDialog.h"
/opt/anaconda3/bin/moc -DMACX_SPACING -DQT_CORE_LIB -DQT_GUI_LIB -DQT_NETWORK_LIB -DQT_NO_DEBUG -DQT_PRINTSUPPORT_LIB -DQT_WIDGETS_LIB -DUSE_ERYA -DUSE_QWT -I/usr/local/include -I/Users/akhil/work_dir/azure/AZURE2/coul/include -I/Users/akhil/work_dir/azure/AZURE2/minuit2/inc -I/Users/akhil/work_dir/azure/AZURE2/erya/include -I/Users/akhil/work_dir/azure/AZURE2/erya/pugixml/src -I/opt/homebrew/opt/qwt/include -I/Users/akhil/work_dir/azure/AZURE2/gui/include -I/Users/akhil/work_dir/azure/AZURE2/include -I/opt/homebrew/opt/qwt/lib/qwt.framework -I/opt/anaconda3/include/qt -I/opt/anaconda3/include/qt/QtCore -I/opt/anaconda3/mkspecs/macx-clang -I/opt/anaconda3/include/qt/QtGui -I/Library/Developer/CommandLineTools/SDKs/MacOSX.sdk/System/Library/Frameworks/OpenGL.framework/Headers -I/opt/anaconda3/include/qt/QtPrintSupport -I/opt/anaconda3/include/qt/QtWidgets -I/opt/anaconda3/include/qt/QtNetwork -I/opt/homebrew/Cellar/llvm/21.1.5/include/c++/v1 -I/opt/homebrew/Cellar/llvm/21.1.5/lib/clang/21/include -I/Library/Developer/CommandLineTools/SDKs/MacOSX26.sdk/usr/include -F /Library/Developer/CommandLineTools/SDKs/MacOSX.sdk/System/Library/Frameworks --include /Users/akhil/work_dir/azure/AZURE2/build-macos/gui/src/AZURESetup_autogen/moc_predefs.h --output-dep-file -o /Users/akhil/work_dir/azure/AZURE2/build-macos/gui/src/AZURESetup_autogen/FXHWMZGTYG/moc_AddLevelDialog.cpp /Users/akhil/work_dir/azure/AZURE2/gui/include/AddLevelDialog.h
AutoMoc: Generating "SRC:/build-macos/gui/src/AZURESetup_autogen/FXHWMZGTYG/moc_AddTargetIntDialog.cpp", because it doesn't exist, from "SRC:/gui/include/AddTargetIntDialog.h"
/opt/anaconda3/bin/moc -DMACX_SPACING -DQT_CORE_LIB -DQT_GUI_LIB -DQT_NETWORK_LIB -DQT_NO_DEBUG -DQT_PRINTSUPPORT_LIB -DQT_WIDGETS_LIB -DUSE_ERYA -DUSE_QWT -I/usr/local/include -I/Users/akhil/work_dir/azure/AZURE2/coul/include -I/Users/akhil/work_dir/azure/AZURE2/minuit2/inc -I/Users/akhil/work_dir/azure/AZURE2/erya/include -I/Users/akhil/work_dir/azure/AZURE2/erya/pugixml/src -I/opt/homebrew/opt/qwt/include -I/Users/akhil/work_dir/azure/AZURE2/gui/include -I/Users/akhil/work_dir/azure/AZURE2/include -I/opt/homebrew/opt/qwt/lib/qwt.framework -I/opt/anaconda3/include/qt -I/opt/anaconda3/include/qt/QtCore -I/opt/anaconda3/mkspecs/macx-clang -I/opt/anaconda3/include/qt/QtGui -I/Library/Developer/CommandLineTools/SDKs/MacOSX.sdk/System/Library/Frameworks/OpenGL.framework/Headers -I/opt/anaconda3/include/qt/QtPrintSupport -I/opt/anaconda3/include/qt/QtWidgets -I/opt/anaconda3/include/qt/QtNetwork -I/opt/homebrew/Cellar/llvm/21.1.5/include/c++/v1 -I/opt/homebrew/Cellar/llvm/21.1.5/lib/clang/21/include -I/Library/Developer/CommandLineTools/SDKs/MacOSX26.sdk/usr/include -F /Library/Developer/CommandLineTools/SDKs/MacOSX.sdk/System/Library/Frameworks --include /Users/akhil/work_dir/azure/AZURE2/build-macos/gui/src/AZURESetup_autogen/moc_predefs.h --output-dep-file -o /Users/akhil/work_dir/azure/AZURE2/build-macos/gui/src/AZURESetup_autogen/FXHWMZGTYG/moc_AddTargetIntDialog.cpp /Users/akhil/work_dir/azure/AZURE2/gui/include/AddTargetIntDialog.h
AutoMoc: Generating "SRC:/build-macos/gui/src/AZURESetup_autogen/FXHWMZGTYG/moc_AddSegTestDialog.cpp", because it doesn't exist, from "SRC:/gui/include/AddSegTestDialog.h"
/opt/anaconda3/bin/moc -DMACX_SPACING -DQT_CORE_LIB -DQT_GUI_LIB -DQT_NETWORK_LIB -DQT_NO_DEBUG -DQT_PRINTSUPPORT_LIB -DQT_WIDGETS_LIB -DUSE_ERYA -DUSE_QWT -I/usr/local/include -I/Users/akhil/work_dir/azure/AZURE2/coul/include -I/Users/akhil/work_dir/azure/AZURE2/minuit2/inc -I/Users/akhil/work_dir/azure/AZURE2/erya/include -I/Users/akhil/work_dir/azure/AZURE2/erya/pugixml/src -I/opt/homebrew/opt/qwt/include -I/Users/akhil/work_dir/azure/AZURE2/gui/include -I/Users/akhil/work_dir/azure/AZURE2/include -I/opt/homebrew/opt/qwt/lib/qwt.framework -I/opt/anaconda3/include/qt -I/opt/anaconda3/include/qt/QtCore -I/opt/anaconda3/mkspecs/macx-clang -I/opt/anaconda3/include/qt/QtGui -I/Library/Developer/CommandLineTools/SDKs/MacOSX.sdk/System/Library/Frameworks/OpenGL.framework/Headers -I/opt/anaconda3/include/qt/QtPrintSupport -I/opt/anaconda3/include/qt/QtWidgets -I/opt/anaconda3/include/qt/QtNetwork -I/opt/homebrew/Cellar/llvm/21.1.5/include/c++/v1 -I/opt/homebrew/Cellar/llvm/21.1.5/lib/clang/21/include -I/Library/Developer/CommandLineTools/SDKs/MacOSX26.sdk/usr/include -F /Library/Developer/CommandLineTools/SDKs/MacOSX.sdk/System/Library/Frameworks --include /Users/akhil/work_dir/azure/AZURE2/build-macos/gui/src/AZURESetup_autogen/moc_predefs.h --output-dep-file -o /Users/akhil/work_dir/azure/AZURE2/build-macos/gui/src/AZURESetup_autogen/FXHWMZGTYG/moc_AddSegTestDialog.cpp /Users/akhil/work_dir/azure/AZURE2/gui/include/AddSegTestDialog.h
AutoMoc: Generating "SRC:/build-macos/gui/src/AZURESetup_autogen/FXHWMZGTYG/moc_ChannelDetails.cpp", because it doesn't exist, from "SRC:/gui/include/ChannelDetails.h"
/opt/anaconda3/bin/moc -DMACX_SPACING -DQT_CORE_LIB -DQT_GUI_LIB -DQT_NETWORK_LIB -DQT_NO_DEBUG -DQT_PRINTSUPPORT_LIB -DQT_WIDGETS_LIB -DUSE_ERYA -DUSE_QWT -I/usr/local/include -I/Users/akhil/work_dir/azure/AZURE2/coul/include -I/Users/akhil/work_dir/azure/AZURE2/minuit2/inc -I/Users/akhil/work_dir/azure/AZURE2/erya/include -I/Users/akhil/work_dir/azure/AZURE2/erya/pugixml/src -I/opt/homebrew/opt/qwt/include -I/Users/akhil/work_dir/azure/AZURE2/gui/include -I/Users/akhil/work_dir/azure/AZURE2/include -I/opt/homebrew/opt/qwt/lib/qwt.framework -I/opt/anaconda3/include/qt -I/opt/anaconda3/include/qt/QtCore -I/opt/anaconda3/mkspecs/macx-clang -I/opt/anaconda3/include/qt/QtGui -I/Library/Developer/CommandLineTools/SDKs/MacOSX.sdk/System/Library/Frameworks/OpenGL.framework/Headers -I/opt/anaconda3/include/qt/QtPrintSupport -I/opt/anaconda3/include/qt/QtWidgets -I/opt/anaconda3/include/qt/QtNetwork -I/opt/homebrew/Cellar/llvm/21.1.5/include/c++/v1 -I/opt/homebrew/Cellar/llvm/21.1.5/lib/clang/21/include -I/Library/Developer/CommandLineTools/SDKs/MacOSX26.sdk/usr/include -F /Library/Developer/CommandLineTools/SDKs/MacOSX.sdk/System/Library/Frameworks --include /Users/akhil/work_dir/azure/AZURE2/build-macos/gui/src/AZURESetup_autogen/moc_predefs.h --output-dep-file -o /Users/akhil/work_dir/azure/AZURE2/build-macos/gui/src/AZURESetup_autogen/FXHWMZGTYG/moc_ChannelDetails.cpp /Users/akhil/work_dir/azure/AZURE2/gui/include/ChannelDetails.h
AutoMoc: Generating "SRC:/build-macos/gui/src/AZURESetup_autogen/FXHWMZGTYG/moc_AboutAZURE2Dialog.cpp", because it doesn't exist, from "SRC:/gui/include/AboutAZURE2Dialog.h"
/opt/anaconda3/bin/moc -DMACX_SPACING -DQT_CORE_LIB -DQT_GUI_LIB -DQT_NETWORK_LIB -DQT_NO_DEBUG -DQT_PRINTSUPPORT_LIB -DQT_WIDGETS_LIB -DUSE_ERYA -DUSE_QWT -I/usr/local/include -I/Users/akhil/work_dir/azure/AZURE2/coul/include -I/Users/akhil/work_dir/azure/AZURE2/minuit2/inc -I/Users/akhil/work_dir/azure/AZURE2/erya/include -I/Users/akhil/work_dir/azure/AZURE2/erya/pugixml/src -I/opt/homebrew/opt/qwt/include -I/Users/akhil/work_dir/azure/AZURE2/gui/include -I/Users/akhil/work_dir/azure/AZURE2/include -I/opt/homebrew/opt/qwt/lib/qwt.framework -I/opt/anaconda3/include/qt -I/opt/anaconda3/include/qt/QtCore -I/opt/anaconda3/mkspecs/macx-clang -I/opt/anaconda3/include/qt/QtGui -I/Library/Developer/CommandLineTools/SDKs/MacOSX.sdk/System/Library/Frameworks/OpenGL.framework/Headers -I/opt/anaconda3/include/qt/QtPrintSupport -I/opt/anaconda3/include/qt/QtWidgets -I/opt/anaconda3/include/qt/QtNetwork -I/opt/homebrew/Cellar/llvm/21.1.5/include/c++/v1 -I/opt/homebrew/Cellar/llvm/21.1.5/lib/clang/21/include -I/Library/Developer/CommandLineTools/SDKs/MacOSX26.sdk/usr/include -F /Library/Developer/CommandLineTools/SDKs/MacOSX.sdk/System/Library/Frameworks --include /Users/akhil/work_dir/azure/AZURE2/build-macos/gui/src/AZURESetup_autogen/moc_predefs.h --output-dep-file -o /Users/akhil/work_dir/azure/AZURE2/build-macos/gui/src/AZURESetup_autogen/FXHWMZGTYG/moc_AboutAZURE2Dialog.cpp /Users/akhil/work_dir/azure/AZURE2/gui/include/AboutAZURE2Dialog.h
AutoMoc: Reading dependencies from "SRC:/build-macos/gui/src/AZURESetup_autogen/FXHWMZGTYG/moc_AZUREPlot.cpp.d"
AutoMoc: Generating "SRC:/build-macos/gui/src/AZURESetup_autogen/FXHWMZGTYG/moc_ChannelsModel.cpp", because it doesn't exist, from "SRC:/gui/include/ChannelsModel.h"
/opt/anaconda3/bin/moc -DMACX_SPACING -DQT_CORE_LIB -DQT_GUI_LIB -DQT_NETWORK_LIB -DQT_NO_DEBUG -DQT_PRINTSUPPORT_LIB -DQT_WIDGETS_LIB -DUSE_ERYA -DUSE_QWT -I/usr/local/include -I/Users/akhil/work_dir/azure/AZURE2/coul/include -I/Users/akhil/work_dir/azure/AZURE2/minuit2/inc -I/Users/akhil/work_dir/azure/AZURE2/erya/include -I/Users/akhil/work_dir/azure/AZURE2/erya/pugixml/src -I/opt/homebrew/opt/qwt/include -I/Users/akhil/work_dir/azure/AZURE2/gui/include -I/Users/akhil/work_dir/azure/AZURE2/include -I/opt/homebrew/opt/qwt/lib/qwt.framework -I/opt/anaconda3/include/qt -I/opt/anaconda3/include/qt/QtCore -I/opt/anaconda3/mkspecs/macx-clang -I/opt/anaconda3/include/qt/QtGui -I/Library/Developer/CommandLineTools/SDKs/MacOSX.sdk/System/Library/Frameworks/OpenGL.framework/Headers -I/opt/anaconda3/include/qt/QtPrintSupport -I/opt/anaconda3/include/qt/QtWidgets -I/opt/anaconda3/include/qt/QtNetwork -I/opt/homebrew/Cellar/llvm/21.1.5/include/c++/v1 -I/opt/homebrew/Cellar/llvm/21.1.5/lib/clang/21/include -I/Library/Developer/CommandLineTools/SDKs/MacOSX26.sdk/usr/include -F /Library/Developer/CommandLineTools/SDKs/MacOSX.sdk/System/Library/Frameworks --include /Users/akhil/work_dir/azure/AZURE2/build-macos/gui/src/AZURESetup_autogen/moc_predefs.h --output-dep-file -o /Users/akhil/work_dir/azure/AZURE2/build-macos/gui/src/AZURESetup_autogen/FXHWMZGTYG/moc_ChannelsModel.cpp /Users/akhil/work_dir/azure/AZURE2/gui/include/ChannelsModel.h
[ 41%] Building CXX object minuit2/src/CMakeFiles/Minuit2.dir/NegativeG2LineSearch.cxx.o
cd /Users/akhil/work_dir/azure/AZURE2/build-macos/minuit2/src && /opt/homebrew/opt/llvm/bin/clang++ -DMATHCORE_STANDALONE -DROOT_Math_VecTypes -I/usr/local/include -I/Users/akhil/work_dir/azure/AZURE2/coul/include -I/Users/akhil/work_dir/azure/AZURE2/minuit2/inc -fopenmp=libomp -O3 -DNDEBUG -std=c++17 -arch arm64 -mmacosx-version-min=10.15 -MD -MT minuit2/src/CMakeFiles/Minuit2.dir/NegativeG2LineSearch.cxx.o -MF CMakeFiles/Minuit2.dir/NegativeG2LineSearch.cxx.o.d -o CMakeFiles/Minuit2.dir/NegativeG2LineSearch.cxx.o -c /Users/akhil/work_dir/azure/AZURE2/minuit2/src/NegativeG2LineSearch.cxx
[ 41%] Building CXX object minuit2/src/CMakeFiles/Minuit2.dir/Numerical2PGradientCalculator.cxx.o
cd /Users/akhil/work_dir/azure/AZURE2/build-macos/minuit2/src && /opt/homebrew/opt/llvm/bin/clang++ -DMATHCORE_STANDALONE -DROOT_Math_VecTypes -I/usr/local/include -I/Users/akhil/work_dir/azure/AZURE2/coul/include -I/Users/akhil/work_dir/azure/AZURE2/minuit2/inc -fopenmp=libomp -O3 -DNDEBUG -std=c++17 -arch arm64 -mmacosx-version-min=10.15 -MD -MT minuit2/src/CMakeFiles/Minuit2.dir/Numerical2PGradientCalculator.cxx.o -MF CMakeFiles/Minuit2.dir/Numerical2PGradientCalculator.cxx.o.d -o CMakeFiles/Minuit2.dir/Numerical2PGradientCalculator.cxx.o -c /Users/akhil/work_dir/azure/AZURE2/minuit2/src/Numerical2PGradientCalculator.cxx
AutoMoc: Reading dependencies from "SRC:/build-macos/gui/src/AZURESetup_autogen/FXHWMZGTYG/moc_AddPairDialog.cpp.d"
AutoMoc: Generating "SRC:/build-macos/gui/src/AZURESetup_autogen/FXHWMZGTYG/moc_ChooseFileButton.cpp", because it doesn't exist, from "SRC:/gui/include/ChooseFileButton.h"
/opt/anaconda3/bin/moc -DMACX_SPACING -DQT_CORE_LIB -DQT_GUI_LIB -DQT_NETWORK_LIB -DQT_NO_DEBUG -DQT_PRINTSUPPORT_LIB -DQT_WIDGETS_LIB -DUSE_ERYA -DUSE_QWT -I/usr/local/include -I/Users/akhil/work_dir/azure/AZURE2/coul/include -I/Users/akhil/work_dir/azure/AZURE2/minuit2/inc -I/Users/akhil/work_dir/azure/AZURE2/erya/include -I/Users/akhil/work_dir/azure/AZURE2/erya/pugixml/src -I/opt/homebrew/opt/qwt/include -I/Users/akhil/work_dir/azure/AZURE2/gui/include -I/Users/akhil/work_dir/azure/AZURE2/include -I/opt/homebrew/opt/qwt/lib/qwt.framework -I/opt/anaconda3/include/qt -I/opt/anaconda3/include/qt/QtCore -I/opt/anaconda3/mkspecs/macx-clang -I/opt/anaconda3/include/qt/QtGui -I/Library/Developer/CommandLineTools/SDKs/MacOSX.sdk/System/Library/Frameworks/OpenGL.framework/Headers -I/opt/anaconda3/include/qt/QtPrintSupport -I/opt/anaconda3/include/qt/QtWidgets -I/opt/anaconda3/include/qt/QtNetwork -I/opt/homebrew/Cellar/llvm/21.1.5/include/c++/v1 -I/opt/homebrew/Cellar/llvm/21.1.5/lib/clang/21/include -I/Library/Developer/CommandLineTools/SDKs/MacOSX26.sdk/usr/include -F /Library/Developer/CommandLineTools/SDKs/MacOSX.sdk/System/Library/Frameworks --include /Users/akhil/work_dir/azure/AZURE2/build-macos/gui/src/AZURESetup_autogen/moc_predefs.h --output-dep-file -o /Users/akhil/work_dir/azure/AZURE2/build-macos/gui/src/AZURESetup_autogen/FXHWMZGTYG/moc_ChooseFileButton.cpp /Users/akhil/work_dir/azure/AZURE2/gui/include/ChooseFileButton.h
AutoMoc: Reading dependencies from "SRC:/build-macos/gui/src/AZURESetup_autogen/FXHWMZGTYG/moc_AddSegDataDialog.cpp.d"
AutoMoc: Reading dependencies from "SRC:/build-macos/gui/src/AZURESetup_autogen/FXHWMZGTYG/moc_AboutAZURE2Dialog.cpp.d"
AutoMoc: Generating "SRC:/build-macos/gui/src/AZURESetup_autogen/FXHWMZGTYG/moc_EditChecksDialog.cpp", because it doesn't exist, from "SRC:/gui/include/EditChecksDialog.h"
/opt/anaconda3/bin/moc -DMACX_SPACING -DQT_CORE_LIB -DQT_GUI_LIB -DQT_NETWORK_LIB -DQT_NO_DEBUG -DQT_PRINTSUPPORT_LIB -DQT_WIDGETS_LIB -DUSE_ERYA -DUSE_QWT -I/usr/local/include -I/Users/akhil/work_dir/azure/AZURE2/coul/include -I/Users/akhil/work_dir/azure/AZURE2/minuit2/inc -I/Users/akhil/work_dir/azure/AZURE2/erya/include -I/Users/akhil/work_dir/azure/AZURE2/erya/pugixml/src -I/opt/homebrew/opt/qwt/include -I/Users/akhil/work_dir/azure/AZURE2/gui/include -I/Users/akhil/work_dir/azure/AZURE2/include -I/opt/homebrew/opt/qwt/lib/qwt.framework -I/opt/anaconda3/include/qt -I/opt/anaconda3/include/qt/QtCore -I/opt/anaconda3/mkspecs/macx-clang -I/opt/anaconda3/include/qt/QtGui -I/Library/Developer/CommandLineTools/SDKs/MacOSX.sdk/System/Library/Frameworks/OpenGL.framework/Headers -I/opt/anaconda3/include/qt/QtPrintSupport -I/opt/anaconda3/include/qt/QtWidgets -I/opt/anaconda3/include/qt/QtNetwork -I/opt/homebrew/Cellar/llvm/21.1.5/include/c++/v1 -I/opt/homebrew/Cellar/llvm/21.1.5/lib/clang/21/include -I/Library/Developer/CommandLineTools/SDKs/MacOSX26.sdk/usr/include -F /Library/Developer/CommandLineTools/SDKs/MacOSX.sdk/System/Library/Frameworks --include /Users/akhil/work_dir/azure/AZURE2/build-macos/gui/src/AZURESetup_autogen/moc_predefs.h --output-dep-file -o /Users/akhil/work_dir/azure/AZURE2/build-macos/gui/src/AZURESetup_autogen/FXHWMZGTYG/moc_EditChecksDialog.cpp /Users/akhil/work_dir/azure/AZURE2/gui/include/EditChecksDialog.h
AutoMoc: Generating "SRC:/build-macos/gui/src/AZURESetup_autogen/FXHWMZGTYG/moc_EditDirsDialog.cpp", because it doesn't exist, from "SRC:/gui/include/EditDirsDialog.h"
/opt/anaconda3/bin/moc -DMACX_SPACING -DQT_CORE_LIB -DQT_GUI_LIB -DQT_NETWORK_LIB -DQT_NO_DEBUG -DQT_PRINTSUPPORT_LIB -DQT_WIDGETS_LIB -DUSE_ERYA -DUSE_QWT -I/usr/local/include -I/Users/akhil/work_dir/azure/AZURE2/coul/include -I/Users/akhil/work_dir/azure/AZURE2/minuit2/inc -I/Users/akhil/work_dir/azure/AZURE2/erya/include -I/Users/akhil/work_dir/azure/AZURE2/erya/pugixml/src -I/opt/homebrew/opt/qwt/include -I/Users/akhil/work_dir/azure/AZURE2/gui/include -I/Users/akhil/work_dir/azure/AZURE2/include -I/opt/homebrew/opt/qwt/lib/qwt.framework -I/opt/anaconda3/include/qt -I/opt/anaconda3/include/qt/QtCore -I/opt/anaconda3/mkspecs/macx-clang -I/opt/anaconda3/include/qt/QtGui -I/Library/Developer/CommandLineTools/SDKs/MacOSX.sdk/System/Library/Frameworks/OpenGL.framework/Headers -I/opt/anaconda3/include/qt/QtPrintSupport -I/opt/anaconda3/include/qt/QtWidgets -I/opt/anaconda3/include/qt/QtNetwork -I/opt/homebrew/Cellar/llvm/21.1.5/include/c++/v1 -I/opt/homebrew/Cellar/llvm/21.1.5/lib/clang/21/include -I/Library/Developer/CommandLineTools/SDKs/MacOSX26.sdk/usr/include -F /Library/Developer/CommandLineTools/SDKs/MacOSX.sdk/System/Library/Frameworks --include /Users/akhil/work_dir/azure/AZURE2/build-macos/gui/src/AZURESetup_autogen/moc_predefs.h --output-dep-file -o /Users/akhil/work_dir/azure/AZURE2/build-macos/gui/src/AZURESetup_autogen/FXHWMZGTYG/moc_EditDirsDialog.cpp /Users/akhil/work_dir/azure/AZURE2/gui/include/EditDirsDialog.h
AutoMoc: Reading dependencies from "SRC:/build-macos/gui/src/AZURESetup_autogen/FXHWMZGTYG/moc_AddTargetIntDialog.cpp.d"
AutoMoc: Generating "SRC:/build-macos/gui/src/AZURESetup_autogen/FXHWMZGTYG/moc_EditOptionsDialog.cpp", because it doesn't exist, from "SRC:/gui/include/EditOptionsDialog.h"
/opt/anaconda3/bin/moc -DMACX_SPACING -DQT_CORE_LIB -DQT_GUI_LIB -DQT_NETWORK_LIB -DQT_NO_DEBUG -DQT_PRINTSUPPORT_LIB -DQT_WIDGETS_LIB -DUSE_ERYA -DUSE_QWT -I/usr/local/include -I/Users/akhil/work_dir/azure/AZURE2/coul/include -I/Users/akhil/work_dir/azure/AZURE2/minuit2/inc -I/Users/akhil/work_dir/azure/AZURE2/erya/include -I/Users/akhil/work_dir/azure/AZURE2/erya/pugixml/src -I/opt/homebrew/opt/qwt/include -I/Users/akhil/work_dir/azure/AZURE2/gui/include -I/Users/akhil/work_dir/azure/AZURE2/include -I/opt/homebrew/opt/qwt/lib/qwt.framework -I/opt/anaconda3/include/qt -I/opt/anaconda3/include/qt/QtCore -I/opt/anaconda3/mkspecs/macx-clang -I/opt/anaconda3/include/qt/QtGui -I/Library/Developer/CommandLineTools/SDKs/MacOSX.sdk/System/Library/Frameworks/OpenGL.framework/Headers -I/opt/anaconda3/include/qt/QtPrintSupport -I/opt/anaconda3/include/qt/QtWidgets -I/opt/anaconda3/include/qt/QtNetwork -I/opt/homebrew/Cellar/llvm/21.1.5/include/c++/v1 -I/opt/homebrew/Cellar/llvm/21.1.5/lib/clang/21/include -I/Library/Developer/CommandLineTools/SDKs/MacOSX26.sdk/usr/include -F /Library/Developer/CommandLineTools/SDKs/MacOSX.sdk/System/Library/Frameworks --include /Users/akhil/work_dir/azure/AZURE2/build-macos/gui/src/AZURESetup_autogen/moc_predefs.h --output-dep-file -o /Users/akhil/work_dir/azure/AZURE2/build-macos/gui/src/AZURESetup_autogen/FXHWMZGTYG/moc_EditOptionsDialog.cpp /Users/akhil/work_dir/azure/AZURE2/gui/include/EditOptionsDialog.h
AutoMoc: Reading dependencies from "SRC:/build-macos/gui/src/AZURESetup_autogen/FXHWMZGTYG/moc_AZURESetup.cpp.d"
AutoMoc: Generating "SRC:/build-macos/gui/src/AZURESetup_autogen/FXHWMZGTYG/moc_FilteredTextEdit.cpp", because it doesn't exist, from "SRC:/gui/include/FilteredTextEdit.h"
/opt/anaconda3/bin/moc -DMACX_SPACING -DQT_CORE_LIB -DQT_GUI_LIB -DQT_NETWORK_LIB -DQT_NO_DEBUG -DQT_PRINTSUPPORT_LIB -DQT_WIDGETS_LIB -DUSE_ERYA -DUSE_QWT -I/usr/local/include -I/Users/akhil/work_dir/azure/AZURE2/coul/include -I/Users/akhil/work_dir/azure/AZURE2/minuit2/inc -I/Users/akhil/work_dir/azure/AZURE2/erya/include -I/Users/akhil/work_dir/azure/AZURE2/erya/pugixml/src -I/opt/homebrew/opt/qwt/include -I/Users/akhil/work_dir/azure/AZURE2/gui/include -I/Users/akhil/work_dir/azure/AZURE2/include -I/opt/homebrew/opt/qwt/lib/qwt.framework -I/opt/anaconda3/include/qt -I/opt/anaconda3/include/qt/QtCore -I/opt/anaconda3/mkspecs/macx-clang -I/opt/anaconda3/include/qt/QtGui -I/Library/Developer/CommandLineTools/SDKs/MacOSX.sdk/System/Library/Frameworks/OpenGL.framework/Headers -I/opt/anaconda3/include/qt/QtPrintSupport -I/opt/anaconda3/include/qt/QtWidgets -I/opt/anaconda3/include/qt/QtNetwork -I/opt/homebrew/Cellar/llvm/21.1.5/include/c++/v1 -I/opt/homebrew/Cellar/llvm/21.1.5/lib/clang/21/include -I/Library/Developer/CommandLineTools/SDKs/MacOSX26.sdk/usr/include -F /Library/Developer/CommandLineTools/SDKs/MacOSX.sdk/System/Library/Frameworks --include /Users/akhil/work_dir/azure/AZURE2/build-macos/gui/src/AZURESetup_autogen/moc_predefs.h --output-dep-file -o /Users/akhil/work_dir/azure/AZURE2/build-macos/gui/src/AZURESetup_autogen/FXHWMZGTYG/moc_FilteredTextEdit.cpp /Users/akhil/work_dir/azure/AZURE2/gui/include/FilteredTextEdit.h
AutoMoc: Reading dependencies from "SRC:/build-macos/gui/src/AZURESetup_autogen/FXHWMZGTYG/moc_ChannelsModel.cpp.d"
AutoMoc: Generating "SRC:/build-macos/gui/src/AZURESetup_autogen/FXHWMZGTYG/moc_FittingTab.cpp", because it doesn't exist, from "SRC:/gui/include/FittingTab.h"
/opt/anaconda3/bin/moc -DMACX_SPACING -DQT_CORE_LIB -DQT_GUI_LIB -DQT_NETWORK_LIB -DQT_NO_DEBUG -DQT_PRINTSUPPORT_LIB -DQT_WIDGETS_LIB -DUSE_ERYA -DUSE_QWT -I/usr/local/include -I/Users/akhil/work_dir/azure/AZURE2/coul/include -I/Users/akhil/work_dir/azure/AZURE2/minuit2/inc -I/Users/akhil/work_dir/azure/AZURE2/erya/include -I/Users/akhil/work_dir/azure/AZURE2/erya/pugixml/src -I/opt/homebrew/opt/qwt/include -I/Users/akhil/work_dir/azure/AZURE2/gui/include -I/Users/akhil/work_dir/azure/AZURE2/include -I/opt/homebrew/opt/qwt/lib/qwt.framework -I/opt/anaconda3/include/qt -I/opt/anaconda3/include/qt/QtCore -I/opt/anaconda3/mkspecs/macx-clang -I/opt/anaconda3/include/qt/QtGui -I/Library/Developer/CommandLineTools/SDKs/MacOSX.sdk/System/Library/Frameworks/OpenGL.framework/Headers -I/opt/anaconda3/include/qt/QtPrintSupport -I/opt/anaconda3/include/qt/QtWidgets -I/opt/anaconda3/include/qt/QtNetwork -I/opt/homebrew/Cellar/llvm/21.1.5/include/c++/v1 -I/opt/homebrew/Cellar/llvm/21.1.5/lib/clang/21/include -I/Library/Developer/CommandLineTools/SDKs/MacOSX26.sdk/usr/include -F /Library/Developer/CommandLineTools/SDKs/MacOSX.sdk/System/Library/Frameworks --include /Users/akhil/work_dir/azure/AZURE2/build-macos/gui/src/AZURESetup_autogen/moc_predefs.h --output-dep-file -o /Users/akhil/work_dir/azure/AZURE2/build-macos/gui/src/AZURESetup_autogen/FXHWMZGTYG/moc_FittingTab.cpp /Users/akhil/work_dir/azure/AZURE2/gui/include/FittingTab.h
AutoMoc: Reading dependencies from "SRC:/build-macos/gui/src/AZURESetup_autogen/FXHWMZGTYG/moc_ChannelDetails.cpp.d"
AutoMoc: Generating "SRC:/build-macos/gui/src/AZURESetup_autogen/FXHWMZGTYG/moc_IAEALevelData.cpp", because it doesn't exist, from "SRC:/gui/include/IAEALevelData.h"
/opt/anaconda3/bin/moc -DMACX_SPACING -DQT_CORE_LIB -DQT_GUI_LIB -DQT_NETWORK_LIB -DQT_NO_DEBUG -DQT_PRINTSUPPORT_LIB -DQT_WIDGETS_LIB -DUSE_ERYA -DUSE_QWT -I/usr/local/include -I/Users/akhil/work_dir/azure/AZURE2/coul/include -I/Users/akhil/work_dir/azure/AZURE2/minuit2/inc -I/Users/akhil/work_dir/azure/AZURE2/erya/include -I/Users/akhil/work_dir/azure/AZURE2/erya/pugixml/src -I/opt/homebrew/opt/qwt/include -I/Users/akhil/work_dir/azure/AZURE2/gui/include -I/Users/akhil/work_dir/azure/AZURE2/include -I/opt/homebrew/opt/qwt/lib/qwt.framework -I/opt/anaconda3/include/qt -I/opt/anaconda3/include/qt/QtCore -I/opt/anaconda3/mkspecs/macx-clang -I/opt/anaconda3/include/qt/QtGui -I/Library/Developer/CommandLineTools/SDKs/MacOSX.sdk/System/Library/Frameworks/OpenGL.framework/Headers -I/opt/anaconda3/include/qt/QtPrintSupport -I/opt/anaconda3/include/qt/QtWidgets -I/opt/anaconda3/include/qt/QtNetwork -I/opt/homebrew/Cellar/llvm/21.1.5/include/c++/v1 -I/opt/homebrew/Cellar/llvm/21.1.5/lib/clang/21/include -I/Library/Developer/CommandLineTools/SDKs/MacOSX26.sdk/usr/include -F /Library/Developer/CommandLineTools/SDKs/MacOSX.sdk/System/Library/Frameworks --include /Users/akhil/work_dir/azure/AZURE2/build-macos/gui/src/AZURESetup_autogen/moc_predefs.h --output-dep-file -o /Users/akhil/work_dir/azure/AZURE2/build-macos/gui/src/AZURESetup_autogen/FXHWMZGTYG/moc_IAEALevelData.cpp /Users/akhil/work_dir/azure/AZURE2/gui/include/IAEALevelData.h
AutoMoc: Reading dependencies from "SRC:/build-macos/gui/src/AZURESetup_autogen/FXHWMZGTYG/moc_AddSegTestDialog.cpp.d"
AutoMoc: Generating "SRC:/build-macos/gui/src/AZURESetup_autogen/FXHWMZGTYG/moc_IAEALevelDialog.cpp", because it doesn't exist, from "SRC:/gui/include/IAEALevelDialog.h"
/opt/anaconda3/bin/moc -DMACX_SPACING -DQT_CORE_LIB -DQT_GUI_LIB -DQT_NETWORK_LIB -DQT_NO_DEBUG -DQT_PRINTSUPPORT_LIB -DQT_WIDGETS_LIB -DUSE_ERYA -DUSE_QWT -I/usr/local/include -I/Users/akhil/work_dir/azure/AZURE2/coul/include -I/Users/akhil/work_dir/azure/AZURE2/minuit2/inc -I/Users/akhil/work_dir/azure/AZURE2/erya/include -I/Users/akhil/work_dir/azure/AZURE2/erya/pugixml/src -I/opt/homebrew/opt/qwt/include -I/Users/akhil/work_dir/azure/AZURE2/gui/include -I/Users/akhil/work_dir/azure/AZURE2/include -I/opt/homebrew/opt/qwt/lib/qwt.framework -I/opt/anaconda3/include/qt -I/opt/anaconda3/include/qt/QtCore -I/opt/anaconda3/mkspecs/macx-clang -I/opt/anaconda3/include/qt/QtGui -I/Library/Developer/CommandLineTools/SDKs/MacOSX.sdk/System/Library/Frameworks/OpenGL.framework/Headers -I/opt/anaconda3/include/qt/QtPrintSupport -I/opt/anaconda3/include/qt/QtWidgets -I/opt/anaconda3/include/qt/QtNetwork -I/opt/homebrew/Cellar/llvm/21.1.5/include/c++/v1 -I/opt/homebrew/Cellar/llvm/21.1.5/lib/clang/21/include -I/Library/Developer/CommandLineTools/SDKs/MacOSX26.sdk/usr/include -F /Library/Developer/CommandLineTools/SDKs/MacOSX.sdk/System/Library/Frameworks --include /Users/akhil/work_dir/azure/AZURE2/build-macos/gui/src/AZURESetup_autogen/moc_predefs.h --output-dep-file -o /Users/akhil/work_dir/azure/AZURE2/build-macos/gui/src/AZURESetup_autogen/FXHWMZGTYG/moc_IAEALevelDialog.cpp /Users/akhil/work_dir/azure/AZURE2/gui/include/IAEALevelDialog.h
AutoMoc: Reading dependencies from "SRC:/build-macos/gui/src/AZURESetup_autogen/FXHWMZGTYG/moc_AZUREMainThread.cpp.d"
AutoMoc: Generating "SRC:/build-macos/gui/src/AZURESetup_autogen/FXHWMZGTYG/moc_InfoDialog.cpp", because it doesn't exist, from "SRC:/gui/include/InfoDialog.h"
/opt/anaconda3/bin/moc -DMACX_SPACING -DQT_CORE_LIB -DQT_GUI_LIB -DQT_NETWORK_LIB -DQT_NO_DEBUG -DQT_PRINTSUPPORT_LIB -DQT_WIDGETS_LIB -DUSE_ERYA -DUSE_QWT -I/usr/local/include -I/Users/akhil/work_dir/azure/AZURE2/coul/include -I/Users/akhil/work_dir/azure/AZURE2/minuit2/inc -I/Users/akhil/work_dir/azure/AZURE2/erya/include -I/Users/akhil/work_dir/azure/AZURE2/erya/pugixml/src -I/opt/homebrew/opt/qwt/include -I/Users/akhil/work_dir/azure/AZURE2/gui/include -I/Users/akhil/work_dir/azure/AZURE2/include -I/opt/homebrew/opt/qwt/lib/qwt.framework -I/opt/anaconda3/include/qt -I/opt/anaconda3/include/qt/QtCore -I/opt/anaconda3/mkspecs/macx-clang -I/opt/anaconda3/include/qt/QtGui -I/Library/Developer/CommandLineTools/SDKs/MacOSX.sdk/System/Library/Frameworks/OpenGL.framework/Headers -I/opt/anaconda3/include/qt/QtPrintSupport -I/opt/anaconda3/include/qt/QtWidgets -I/opt/anaconda3/include/qt/QtNetwork -I/opt/homebrew/Cellar/llvm/21.1.5/include/c++/v1 -I/opt/homebrew/Cellar/llvm/21.1.5/lib/clang/21/include -I/Library/Developer/CommandLineTools/SDKs/MacOSX26.sdk/usr/include -F /Library/Developer/CommandLineTools/SDKs/MacOSX.sdk/System/Library/Frameworks --include /Users/akhil/work_dir/azure/AZURE2/build-macos/gui/src/AZURESetup_autogen/moc_predefs.h --output-dep-file -o /Users/akhil/work_dir/azure/AZURE2/build-macos/gui/src/AZURESetup_autogen/FXHWMZGTYG/moc_InfoDialog.cpp /Users/akhil/work_dir/azure/AZURE2/gui/include/InfoDialog.h
[ 42%] Building CXX object minuit2/src/CMakeFiles/Minuit2.dir/ParametricFunction.cxx.o
cd /Users/akhil/work_dir/azure/AZURE2/build-macos/minuit2/src && /opt/homebrew/opt/llvm/bin/clang++ -DMATHCORE_STANDALONE -DROOT_Math_VecTypes -I/usr/local/include -I/Users/akhil/work_dir/azure/AZURE2/coul/include -I/Users/akhil/work_dir/azure/AZURE2/minuit2/inc -fopenmp=libomp -O3 -DNDEBUG -std=c++17 -arch arm64 -mmacosx-version-min=10.15 -MD -MT minuit2/src/CMakeFiles/Minuit2.dir/ParametricFunction.cxx.o -MF CMakeFiles/Minuit2.dir/ParametricFunction.cxx.o.d -o CMakeFiles/Minuit2.dir/ParametricFunction.cxx.o -c /Users/akhil/work_dir/azure/AZURE2/minuit2/src/ParametricFunction.cxx
[ 42%] Building CXX object minuit2/src/CMakeFiles/Minuit2.dir/ScanBuilder.cxx.o
cd /Users/akhil/work_dir/azure/AZURE2/build-macos/minuit2/src && /opt/homebrew/opt/llvm/bin/clang++ -DMATHCORE_STANDALONE -DROOT_Math_VecTypes -I/usr/local/include -I/Users/akhil/work_dir/azure/AZURE2/coul/include -I/Users/akhil/work_dir/azure/AZURE2/minuit2/inc -fopenmp=libomp -O3 -DNDEBUG -std=c++17 -arch arm64 -mmacosx-version-min=10.15 -MD -MT minuit2/src/CMakeFiles/Minuit2.dir/ScanBuilder.cxx.o -MF CMakeFiles/Minuit2.dir/ScanBuilder.cxx.o.d -o CMakeFiles/Minuit2.dir/ScanBuilder.cxx.o -c /Users/akhil/work_dir/azure/AZURE2/minuit2/src/ScanBuilder.cxx
[ 43%] Building CXX object minuit2/src/CMakeFiles/Minuit2.dir/SimplexBuilder.cxx.o
cd /Users/akhil/work_dir/azure/AZURE2/build-macos/minuit2/src && /opt/homebrew/opt/llvm/bin/clang++ -DMATHCORE_STANDALONE -DROOT_Math_VecTypes -I/usr/local/include -I/Users/akhil/work_dir/azure/AZURE2/coul/include -I/Users/akhil/work_dir/azure/AZURE2/minuit2/inc -fopenmp=libomp -O3 -DNDEBUG -std=c++17 -arch arm64 -mmacosx-version-min=10.15 -MD -MT minuit2/src/CMakeFiles/Minuit2.dir/SimplexBuilder.cxx.o -MF CMakeFiles/Minuit2.dir/SimplexBuilder.cxx.o.d -o CMakeFiles/Minuit2.dir/SimplexBuilder.cxx.o -c /Users/akhil/work_dir/azure/AZURE2/minuit2/src/SimplexBuilder.cxx
AutoMoc: Reading dependencies from "SRC:/build-macos/gui/src/AZURESetup_autogen/FXHWMZGTYG/moc_AddLevelDialog.cpp.d"
AutoMoc: Generating "SRC:/build-macos/gui/src/AZURESetup_autogen/FXHWMZGTYG/moc_LevelsModel.cpp", because it doesn't exist, from "SRC:/gui/include/LevelsModel.h"
/opt/anaconda3/bin/moc -DMACX_SPACING -DQT_CORE_LIB -DQT_GUI_LIB -DQT_NETWORK_LIB -DQT_NO_DEBUG -DQT_PRINTSUPPORT_LIB -DQT_WIDGETS_LIB -DUSE_ERYA -DUSE_QWT -I/usr/local/include -I/Users/akhil/work_dir/azure/AZURE2/coul/include -I/Users/akhil/work_dir/azure/AZURE2/minuit2/inc -I/Users/akhil/work_dir/azure/AZURE2/erya/include -I/Users/akhil/work_dir/azure/AZURE2/erya/pugixml/src -I/opt/homebrew/opt/qwt/include -I/Users/akhil/work_dir/azure/AZURE2/gui/include -I/Users/akhil/work_dir/azure/AZURE2/include -I/opt/homebrew/opt/qwt/lib/qwt.framework -I/opt/anaconda3/include/qt -I/opt/anaconda3/include/qt/QtCore -I/opt/anaconda3/mkspecs/macx-clang -I/opt/anaconda3/include/qt/QtGui -I/Library/Developer/CommandLineTools/SDKs/MacOSX.sdk/System/Library/Frameworks/OpenGL.framework/Headers -I/opt/anaconda3/include/qt/QtPrintSupport -I/opt/anaconda3/include/qt/QtWidgets -I/opt/anaconda3/include/qt/QtNetwork -I/opt/homebrew/Cellar/llvm/21.1.5/include/c++/v1 -I/opt/homebrew/Cellar/llvm/21.1.5/lib/clang/21/include -I/Library/Developer/CommandLineTools/SDKs/MacOSX26.sdk/usr/include -F /Library/Developer/CommandLineTools/SDKs/MacOSX.sdk/System/Library/Frameworks --include /Users/akhil/work_dir/azure/AZURE2/build-macos/gui/src/AZURESetup_autogen/moc_predefs.h --output-dep-file -o /Users/akhil/work_dir/azure/AZURE2/build-macos/gui/src/AZURESetup_autogen/FXHWMZGTYG/moc_LevelsModel.cpp /Users/akhil/work_dir/azure/AZURE2/gui/include/LevelsModel.h
AutoMoc: Reading dependencies from "SRC:/build-macos/gui/src/AZURESetup_autogen/FXHWMZGTYG/moc_EditChecksDialog.cpp.d"
AutoMoc: Generating "SRC:/build-macos/gui/src/AZURESetup_autogen/FXHWMZGTYG/moc_LevelsTab.cpp", because it doesn't exist, from "SRC:/gui/include/LevelsTab.h"
/opt/anaconda3/bin/moc -DMACX_SPACING -DQT_CORE_LIB -DQT_GUI_LIB -DQT_NETWORK_LIB -DQT_NO_DEBUG -DQT_PRINTSUPPORT_LIB -DQT_WIDGETS_LIB -DUSE_ERYA -DUSE_QWT -I/usr/local/include -I/Users/akhil/work_dir/azure/AZURE2/coul/include -I/Users/akhil/work_dir/azure/AZURE2/minuit2/inc -I/Users/akhil/work_dir/azure/AZURE2/erya/include -I/Users/akhil/work_dir/azure/AZURE2/erya/pugixml/src -I/opt/homebrew/opt/qwt/include -I/Users/akhil/work_dir/azure/AZURE2/gui/include -I/Users/akhil/work_dir/azure/AZURE2/include -I/opt/homebrew/opt/qwt/lib/qwt.framework -I/opt/anaconda3/include/qt -I/opt/anaconda3/include/qt/QtCore -I/opt/anaconda3/mkspecs/macx-clang -I/opt/anaconda3/include/qt/QtGui -I/Library/Developer/CommandLineTools/SDKs/MacOSX.sdk/System/Library/Frameworks/OpenGL.framework/Headers -I/opt/anaconda3/include/qt/QtPrintSupport -I/opt/anaconda3/include/qt/QtWidgets -I/opt/anaconda3/include/qt/QtNetwork -I/opt/homebrew/Cellar/llvm/21.1.5/include/c++/v1 -I/opt/homebrew/Cellar/llvm/21.1.5/lib/clang/21/include -I/Library/Developer/CommandLineTools/SDKs/MacOSX26.sdk/usr/include -F /Library/Developer/CommandLineTools/SDKs/MacOSX.sdk/System/Library/Frameworks --include /Users/akhil/work_dir/azure/AZURE2/build-macos/gui/src/AZURESetup_autogen/moc_predefs.h --output-dep-file -o /Users/akhil/work_dir/azure/AZURE2/build-macos/gui/src/AZURESetup_autogen/FXHWMZGTYG/moc_LevelsTab.cpp /Users/akhil/work_dir/azure/AZURE2/gui/include/LevelsTab.h
AutoMoc: Reading dependencies from "SRC:/build-macos/gui/src/AZURESetup_autogen/FXHWMZGTYG/moc_ChooseFileButton.cpp.d"
AutoMoc: Generating "SRC:/build-macos/gui/src/AZURESetup_autogen/FXHWMZGTYG/moc_PairsModel.cpp", because it doesn't exist, from "SRC:/gui/include/PairsModel.h"
/opt/anaconda3/bin/moc -DMACX_SPACING -DQT_CORE_LIB -DQT_GUI_LIB -DQT_NETWORK_LIB -DQT_NO_DEBUG -DQT_PRINTSUPPORT_LIB -DQT_WIDGETS_LIB -DUSE_ERYA -DUSE_QWT -I/usr/local/include -I/Users/akhil/work_dir/azure/AZURE2/coul/include -I/Users/akhil/work_dir/azure/AZURE2/minuit2/inc -I/Users/akhil/work_dir/azure/AZURE2/erya/include -I/Users/akhil/work_dir/azure/AZURE2/erya/pugixml/src -I/opt/homebrew/opt/qwt/include -I/Users/akhil/work_dir/azure/AZURE2/gui/include -I/Users/akhil/work_dir/azure/AZURE2/include -I/opt/homebrew/opt/qwt/lib/qwt.framework -I/opt/anaconda3/include/qt -I/opt/anaconda3/include/qt/QtCore -I/opt/anaconda3/mkspecs/macx-clang -I/opt/anaconda3/include/qt/QtGui -I/Library/Developer/CommandLineTools/SDKs/MacOSX.sdk/System/Library/Frameworks/OpenGL.framework/Headers -I/opt/anaconda3/include/qt/QtPrintSupport -I/opt/anaconda3/include/qt/QtWidgets -I/opt/anaconda3/include/qt/QtNetwork -I/opt/homebrew/Cellar/llvm/21.1.5/include/c++/v1 -I/opt/homebrew/Cellar/llvm/21.1.5/lib/clang/21/include -I/Library/Developer/CommandLineTools/SDKs/MacOSX26.sdk/usr/include -F /Library/Developer/CommandLineTools/SDKs/MacOSX.sdk/System/Library/Frameworks --include /Users/akhil/work_dir/azure/AZURE2/build-macos/gui/src/AZURESetup_autogen/moc_predefs.h --output-dep-file -o /Users/akhil/work_dir/azure/AZURE2/build-macos/gui/src/AZURESetup_autogen/FXHWMZGTYG/moc_PairsModel.cpp /Users/akhil/work_dir/azure/AZURE2/gui/include/PairsModel.h
AutoMoc: Reading dependencies from "SRC:/build-macos/gui/src/AZURESetup_autogen/FXHWMZGTYG/moc_EditDirsDialog.cpp.d"
AutoMoc: Generating "SRC:/build-macos/gui/src/AZURESetup_autogen/FXHWMZGTYG/moc_PairsTab.cpp", because it doesn't exist, from "SRC:/gui/include/PairsTab.h"
/opt/anaconda3/bin/moc -DMACX_SPACING -DQT_CORE_LIB -DQT_GUI_LIB -DQT_NETWORK_LIB -DQT_NO_DEBUG -DQT_PRINTSUPPORT_LIB -DQT_WIDGETS_LIB -DUSE_ERYA -DUSE_QWT -I/usr/local/include -I/Users/akhil/work_dir/azure/AZURE2/coul/include -I/Users/akhil/work_dir/azure/AZURE2/minuit2/inc -I/Users/akhil/work_dir/azure/AZURE2/erya/include -I/Users/akhil/work_dir/azure/AZURE2/erya/pugixml/src -I/opt/homebrew/opt/qwt/include -I/Users/akhil/work_dir/azure/AZURE2/gui/include -I/Users/akhil/work_dir/azure/AZURE2/include -I/opt/homebrew/opt/qwt/lib/qwt.framework -I/opt/anaconda3/include/qt -I/opt/anaconda3/include/qt/QtCore -I/opt/anaconda3/mkspecs/macx-clang -I/opt/anaconda3/include/qt/QtGui -I/Library/Developer/CommandLineTools/SDKs/MacOSX.sdk/System/Library/Frameworks/OpenGL.framework/Headers -I/opt/anaconda3/include/qt/QtPrintSupport -I/opt/anaconda3/include/qt/QtWidgets -I/opt/anaconda3/include/qt/QtNetwork -I/opt/homebrew/Cellar/llvm/21.1.5/include/c++/v1 -I/opt/homebrew/Cellar/llvm/21.1.5/lib/clang/21/include -I/Library/Developer/CommandLineTools/SDKs/MacOSX26.sdk/usr/include -F /Library/Developer/CommandLineTools/SDKs/MacOSX.sdk/System/Library/Frameworks --include /Users/akhil/work_dir/azure/AZURE2/build-macos/gui/src/AZURESetup_autogen/moc_predefs.h --output-dep-file -o /Users/akhil/work_dir/azure/AZURE2/build-macos/gui/src/AZURESetup_autogen/FXHWMZGTYG/moc_PairsTab.cpp /Users/akhil/work_dir/azure/AZURE2/gui/include/PairsTab.h
AutoMoc: Reading dependencies from "SRC:/build-macos/gui/src/AZURESetup_autogen/FXHWMZGTYG/moc_IAEALevelData.cpp.d"
AutoMoc: Generating "SRC:/build-macos/gui/src/AZURESetup_autogen/FXHWMZGTYG/moc_PlotTab.cpp", because it doesn't exist, from "SRC:/gui/include/PlotTab.h"
/opt/anaconda3/bin/moc -DMACX_SPACING -DQT_CORE_LIB -DQT_GUI_LIB -DQT_NETWORK_LIB -DQT_NO_DEBUG -DQT_PRINTSUPPORT_LIB -DQT_WIDGETS_LIB -DUSE_ERYA -DUSE_QWT -I/usr/local/include -I/Users/akhil/work_dir/azure/AZURE2/coul/include -I/Users/akhil/work_dir/azure/AZURE2/minuit2/inc -I/Users/akhil/work_dir/azure/AZURE2/erya/include -I/Users/akhil/work_dir/azure/AZURE2/erya/pugixml/src -I/opt/homebrew/opt/qwt/include -I/Users/akhil/work_dir/azure/AZURE2/gui/include -I/Users/akhil/work_dir/azure/AZURE2/include -I/opt/homebrew/opt/qwt/lib/qwt.framework -I/opt/anaconda3/include/qt -I/opt/anaconda3/include/qt/QtCore -I/opt/anaconda3/mkspecs/macx-clang -I/opt/anaconda3/include/qt/QtGui -I/Library/Developer/CommandLineTools/SDKs/MacOSX.sdk/System/Library/Frameworks/OpenGL.framework/Headers -I/opt/anaconda3/include/qt/QtPrintSupport -I/opt/anaconda3/include/qt/QtWidgets -I/opt/anaconda3/include/qt/QtNetwork -I/opt/homebrew/Cellar/llvm/21.1.5/include/c++/v1 -I/opt/homebrew/Cellar/llvm/21.1.5/lib/clang/21/include -I/Library/Developer/CommandLineTools/SDKs/MacOSX26.sdk/usr/include -F /Library/Developer/CommandLineTools/SDKs/MacOSX.sdk/System/Library/Frameworks --include /Users/akhil/work_dir/azure/AZURE2/build-macos/gui/src/AZURESetup_autogen/moc_predefs.h --output-dep-file -o /Users/akhil/work_dir/azure/AZURE2/build-macos/gui/src/AZURESetup_autogen/FXHWMZGTYG/moc_PlotTab.cpp /Users/akhil/work_dir/azure/AZURE2/gui/include/PlotTab.h
AutoMoc: Reading dependencies from "SRC:/build-macos/gui/src/AZURESetup_autogen/FXHWMZGTYG/moc_EditOptionsDialog.cpp.d"
AutoMoc: Generating "SRC:/build-macos/gui/src/AZURESetup_autogen/FXHWMZGTYG/moc_RunTab.cpp", because it doesn't exist, from "SRC:/gui/include/RunTab.h"
/opt/anaconda3/bin/moc -DMACX_SPACING -DQT_CORE_LIB -DQT_GUI_LIB -DQT_NETWORK_LIB -DQT_NO_DEBUG -DQT_PRINTSUPPORT_LIB -DQT_WIDGETS_LIB -DUSE_ERYA -DUSE_QWT -I/usr/local/include -I/Users/akhil/work_dir/azure/AZURE2/coul/include -I/Users/akhil/work_dir/azure/AZURE2/minuit2/inc -I/Users/akhil/work_dir/azure/AZURE2/erya/include -I/Users/akhil/work_dir/azure/AZURE2/erya/pugixml/src -I/opt/homebrew/opt/qwt/include -I/Users/akhil/work_dir/azure/AZURE2/gui/include -I/Users/akhil/work_dir/azure/AZURE2/include -I/opt/homebrew/opt/qwt/lib/qwt.framework -I/opt/anaconda3/include/qt -I/opt/anaconda3/include/qt/QtCore -I/opt/anaconda3/mkspecs/macx-clang -I/opt/anaconda3/include/qt/QtGui -I/Library/Developer/CommandLineTools/SDKs/MacOSX.sdk/System/Library/Frameworks/OpenGL.framework/Headers -I/opt/anaconda3/include/qt/QtPrintSupport -I/opt/anaconda3/include/qt/QtWidgets -I/opt/anaconda3/include/qt/QtNetwork -I/opt/homebrew/Cellar/llvm/21.1.5/include/c++/v1 -I/opt/homebrew/Cellar/llvm/21.1.5/lib/clang/21/include -I/Library/Developer/CommandLineTools/SDKs/MacOSX26.sdk/usr/include -F /Library/Developer/CommandLineTools/SDKs/MacOSX.sdk/System/Library/Frameworks --include /Users/akhil/work_dir/azure/AZURE2/build-macos/gui/src/AZURESetup_autogen/moc_predefs.h --output-dep-file -o /Users/akhil/work_dir/azure/AZURE2/build-macos/gui/src/AZURESetup_autogen/FXHWMZGTYG/moc_RunTab.cpp /Users/akhil/work_dir/azure/AZURE2/gui/include/RunTab.h
AutoMoc: Reading dependencies from "SRC:/build-macos/gui/src/AZURESetup_autogen/FXHWMZGTYG/moc_FittingTab.cpp.d"
AutoMoc: Generating "SRC:/build-macos/gui/src/AZURESetup_autogen/FXHWMZGTYG/moc_SegmentsDataModel.cpp", because it doesn't exist, from "SRC:/gui/include/SegmentsDataModel.h"
/opt/anaconda3/bin/moc -DMACX_SPACING -DQT_CORE_LIB -DQT_GUI_LIB -DQT_NETWORK_LIB -DQT_NO_DEBUG -DQT_PRINTSUPPORT_LIB -DQT_WIDGETS_LIB -DUSE_ERYA -DUSE_QWT -I/usr/local/include -I/Users/akhil/work_dir/azure/AZURE2/coul/include -I/Users/akhil/work_dir/azure/AZURE2/minuit2/inc -I/Users/akhil/work_dir/azure/AZURE2/erya/include -I/Users/akhil/work_dir/azure/AZURE2/erya/pugixml/src -I/opt/homebrew/opt/qwt/include -I/Users/akhil/work_dir/azure/AZURE2/gui/include -I/Users/akhil/work_dir/azure/AZURE2/include -I/opt/homebrew/opt/qwt/lib/qwt.framework -I/opt/anaconda3/include/qt -I/opt/anaconda3/include/qt/QtCore -I/opt/anaconda3/mkspecs/macx-clang -I/opt/anaconda3/include/qt/QtGui -I/Library/Developer/CommandLineTools/SDKs/MacOSX.sdk/System/Library/Frameworks/OpenGL.framework/Headers -I/opt/anaconda3/include/qt/QtPrintSupport -I/opt/anaconda3/include/qt/QtWidgets -I/opt/anaconda3/include/qt/QtNetwork -I/opt/homebrew/Cellar/llvm/21.1.5/include/c++/v1 -I/opt/homebrew/Cellar/llvm/21.1.5/lib/clang/21/include -I/Library/Developer/CommandLineTools/SDKs/MacOSX26.sdk/usr/include -F /Library/Developer/CommandLineTools/SDKs/MacOSX.sdk/System/Library/Frameworks --include /Users/akhil/work_dir/azure/AZURE2/build-macos/gui/src/AZURESetup_autogen/moc_predefs.h --output-dep-file -o /Users/akhil/work_dir/azure/AZURE2/build-macos/gui/src/AZURESetup_autogen/FXHWMZGTYG/moc_SegmentsDataModel.cpp /Users/akhil/work_dir/azure/AZURE2/gui/include/SegmentsDataModel.h
AutoMoc: Reading dependencies from "SRC:/build-macos/gui/src/AZURESetup_autogen/FXHWMZGTYG/moc_FilteredTextEdit.cpp.d"
AutoMoc: Generating "SRC:/build-macos/gui/src/AZURESetup_autogen/FXHWMZGTYG/moc_SegmentsTab.cpp", because it doesn't exist, from "SRC:/gui/include/SegmentsTab.h"
/opt/anaconda3/bin/moc -DMACX_SPACING -DQT_CORE_LIB -DQT_GUI_LIB -DQT_NETWORK_LIB -DQT_NO_DEBUG -DQT_PRINTSUPPORT_LIB -DQT_WIDGETS_LIB -DUSE_ERYA -DUSE_QWT -I/usr/local/include -I/Users/akhil/work_dir/azure/AZURE2/coul/include -I/Users/akhil/work_dir/azure/AZURE2/minuit2/inc -I/Users/akhil/work_dir/azure/AZURE2/erya/include -I/Users/akhil/work_dir/azure/AZURE2/erya/pugixml/src -I/opt/homebrew/opt/qwt/include -I/Users/akhil/work_dir/azure/AZURE2/gui/include -I/Users/akhil/work_dir/azure/AZURE2/include -I/opt/homebrew/opt/qwt/lib/qwt.framework -I/opt/anaconda3/include/qt -I/opt/anaconda3/include/qt/QtCore -I/opt/anaconda3/mkspecs/macx-clang -I/opt/anaconda3/include/qt/QtGui -I/Library/Developer/CommandLineTools/SDKs/MacOSX.sdk/System/Library/Frameworks/OpenGL.framework/Headers -I/opt/anaconda3/include/qt/QtPrintSupport -I/opt/anaconda3/include/qt/QtWidgets -I/opt/anaconda3/include/qt/QtNetwork -I/opt/homebrew/Cellar/llvm/21.1.5/include/c++/v1 -I/opt/homebrew/Cellar/llvm/21.1.5/lib/clang/21/include -I/Library/Developer/CommandLineTools/SDKs/MacOSX26.sdk/usr/include -F /Library/Developer/CommandLineTools/SDKs/MacOSX.sdk/System/Library/Frameworks --include /Users/akhil/work_dir/azure/AZURE2/build-macos/gui/src/AZURESetup_autogen/moc_predefs.h --output-dep-file -o /Users/akhil/work_dir/azure/AZURE2/build-macos/gui/src/AZURESetup_autogen/FXHWMZGTYG/moc_SegmentsTab.cpp /Users/akhil/work_dir/azure/AZURE2/gui/include/SegmentsTab.h
AutoMoc: Reading dependencies from "SRC:/build-macos/gui/src/AZURESetup_autogen/FXHWMZGTYG/moc_IAEALevelDialog.cpp.d"
AutoMoc: Generating "SRC:/build-macos/gui/src/AZURESetup_autogen/FXHWMZGTYG/moc_SegmentsTestModel.cpp", because it doesn't exist, from "SRC:/gui/include/SegmentsTestModel.h"
/opt/anaconda3/bin/moc -DMACX_SPACING -DQT_CORE_LIB -DQT_GUI_LIB -DQT_NETWORK_LIB -DQT_NO_DEBUG -DQT_PRINTSUPPORT_LIB -DQT_WIDGETS_LIB -DUSE_ERYA -DUSE_QWT -I/usr/local/include -I/Users/akhil/work_dir/azure/AZURE2/coul/include -I/Users/akhil/work_dir/azure/AZURE2/minuit2/inc -I/Users/akhil/work_dir/azure/AZURE2/erya/include -I/Users/akhil/work_dir/azure/AZURE2/erya/pugixml/src -I/opt/homebrew/opt/qwt/include -I/Users/akhil/work_dir/azure/AZURE2/gui/include -I/Users/akhil/work_dir/azure/AZURE2/include -I/opt/homebrew/opt/qwt/lib/qwt.framework -I/opt/anaconda3/include/qt -I/opt/anaconda3/include/qt/QtCore -I/opt/anaconda3/mkspecs/macx-clang -I/opt/anaconda3/include/qt/QtGui -I/Library/Developer/CommandLineTools/SDKs/MacOSX.sdk/System/Library/Frameworks/OpenGL.framework/Headers -I/opt/anaconda3/include/qt/QtPrintSupport -I/opt/anaconda3/include/qt/QtWidgets -I/opt/anaconda3/include/qt/QtNetwork -I/opt/homebrew/Cellar/llvm/21.1.5/include/c++/v1 -I/opt/homebrew/Cellar/llvm/21.1.5/lib/clang/21/include -I/Library/Developer/CommandLineTools/SDKs/MacOSX26.sdk/usr/include -F /Library/Developer/CommandLineTools/SDKs/MacOSX.sdk/System/Library/Frameworks --include /Users/akhil/work_dir/azure/AZURE2/build-macos/gui/src/AZURESetup_autogen/moc_predefs.h --output-dep-file -o /Users/akhil/work_dir/azure/AZURE2/build-macos/gui/src/AZURESetup_autogen/FXHWMZGTYG/moc_SegmentsTestModel.cpp /Users/akhil/work_dir/azure/AZURE2/gui/include/SegmentsTestModel.h
[ 44%] Building CXX object minuit2/src/CMakeFiles/Minuit2.dir/SimplexParameters.cxx.o
cd /Users/akhil/work_dir/azure/AZURE2/build-macos/minuit2/src && /opt/homebrew/opt/llvm/bin/clang++ -DMATHCORE_STANDALONE -DROOT_Math_VecTypes -I/usr/local/include -I/Users/akhil/work_dir/azure/AZURE2/coul/include -I/Users/akhil/work_dir/azure/AZURE2/minuit2/inc -fopenmp=libomp -O3 -DNDEBUG -std=c++17 -arch arm64 -mmacosx-version-min=10.15 -MD -MT minuit2/src/CMakeFiles/Minuit2.dir/SimplexParameters.cxx.o -MF CMakeFiles/Minuit2.dir/SimplexParameters.cxx.o.d -o CMakeFiles/Minuit2.dir/SimplexParameters.cxx.o -c /Users/akhil/work_dir/azure/AZURE2/minuit2/src/SimplexParameters.cxx
AutoMoc: Reading dependencies from "SRC:/build-macos/gui/src/AZURESetup_autogen/FXHWMZGTYG/moc_InfoDialog.cpp.d"
AutoMoc: Generating "SRC:/build-macos/gui/src/AZURESetup_autogen/FXHWMZGTYG/moc_TargetIntModel.cpp", because it doesn't exist, from "SRC:/gui/include/TargetIntModel.h"
/opt/anaconda3/bin/moc -DMACX_SPACING -DQT_CORE_LIB -DQT_GUI_LIB -DQT_NETWORK_LIB -DQT_NO_DEBUG -DQT_PRINTSUPPORT_LIB -DQT_WIDGETS_LIB -DUSE_ERYA -DUSE_QWT -I/usr/local/include -I/Users/akhil/work_dir/azure/AZURE2/coul/include -I/Users/akhil/work_dir/azure/AZURE2/minuit2/inc -I/Users/akhil/work_dir/azure/AZURE2/erya/include -I/Users/akhil/work_dir/azure/AZURE2/erya/pugixml/src -I/opt/homebrew/opt/qwt/include -I/Users/akhil/work_dir/azure/AZURE2/gui/include -I/Users/akhil/work_dir/azure/AZURE2/include -I/opt/homebrew/opt/qwt/lib/qwt.framework -I/opt/anaconda3/include/qt -I/opt/anaconda3/include/qt/QtCore -I/opt/anaconda3/mkspecs/macx-clang -I/opt/anaconda3/include/qt/QtGui -I/Library/Developer/CommandLineTools/SDKs/MacOSX.sdk/System/Library/Frameworks/OpenGL.framework/Headers -I/opt/anaconda3/include/qt/QtPrintSupport -I/opt/anaconda3/include/qt/QtWidgets -I/opt/anaconda3/include/qt/QtNetwork -I/opt/homebrew/Cellar/llvm/21.1.5/include/c++/v1 -I/opt/homebrew/Cellar/llvm/21.1.5/lib/clang/21/include -I/Library/Developer/CommandLineTools/SDKs/MacOSX26.sdk/usr/include -F /Library/Developer/CommandLineTools/SDKs/MacOSX.sdk/System/Library/Frameworks --include /Users/akhil/work_dir/azure/AZURE2/build-macos/gui/src/AZURESetup_autogen/moc_predefs.h --output-dep-file -o /Users/akhil/work_dir/azure/AZURE2/build-macos/gui/src/AZURESetup_autogen/FXHWMZGTYG/moc_TargetIntModel.cpp /Users/akhil/work_dir/azure/AZURE2/gui/include/TargetIntModel.h
AutoMoc: Reading dependencies from "SRC:/build-macos/gui/src/AZURESetup_autogen/FXHWMZGTYG/moc_LevelsModel.cpp.d"
AutoMoc: Generating "SRC:/build-macos/gui/src/AZURESetup_autogen/FXHWMZGTYG/moc_TargetIntTab.cpp", because it doesn't exist, from "SRC:/gui/include/TargetIntTab.h"
/opt/anaconda3/bin/moc -DMACX_SPACING -DQT_CORE_LIB -DQT_GUI_LIB -DQT_NETWORK_LIB -DQT_NO_DEBUG -DQT_PRINTSUPPORT_LIB -DQT_WIDGETS_LIB -DUSE_ERYA -DUSE_QWT -I/usr/local/include -I/Users/akhil/work_dir/azure/AZURE2/coul/include -I/Users/akhil/work_dir/azure/AZURE2/minuit2/inc -I/Users/akhil/work_dir/azure/AZURE2/erya/include -I/Users/akhil/work_dir/azure/AZURE2/erya/pugixml/src -I/opt/homebrew/opt/qwt/include -I/Users/akhil/work_dir/azure/AZURE2/gui/include -I/Users/akhil/work_dir/azure/AZURE2/include -I/opt/homebrew/opt/qwt/lib/qwt.framework -I/opt/anaconda3/include/qt -I/opt/anaconda3/include/qt/QtCore -I/opt/anaconda3/mkspecs/macx-clang -I/opt/anaconda3/include/qt/QtGui -I/Library/Developer/CommandLineTools/SDKs/MacOSX.sdk/System/Library/Frameworks/OpenGL.framework/Headers -I/opt/anaconda3/include/qt/QtPrintSupport -I/opt/anaconda3/include/qt/QtWidgets -I/opt/anaconda3/include/qt/QtNetwork -I/opt/homebrew/Cellar/llvm/21.1.5/include/c++/v1 -I/opt/homebrew/Cellar/llvm/21.1.5/lib/clang/21/include -I/Library/Developer/CommandLineTools/SDKs/MacOSX26.sdk/usr/include -F /Library/Developer/CommandLineTools/SDKs/MacOSX.sdk/System/Library/Frameworks --include /Users/akhil/work_dir/azure/AZURE2/build-macos/gui/src/AZURESetup_autogen/moc_predefs.h --output-dep-file -o /Users/akhil/work_dir/azure/AZURE2/build-macos/gui/src/AZURESetup_autogen/FXHWMZGTYG/moc_TargetIntTab.cpp /Users/akhil/work_dir/azure/AZURE2/gui/include/TargetIntTab.h
[ 44%] Building CXX object minuit2/src/CMakeFiles/Minuit2.dir/SimplexSeedGenerator.cxx.o
cd /Users/akhil/work_dir/azure/AZURE2/build-macos/minuit2/src && /opt/homebrew/opt/llvm/bin/clang++ -DMATHCORE_STANDALONE -DROOT_Math_VecTypes -I/usr/local/include -I/Users/akhil/work_dir/azure/AZURE2/coul/include -I/Users/akhil/work_dir/azure/AZURE2/minuit2/inc -fopenmp=libomp -O3 -DNDEBUG -std=c++17 -arch arm64 -mmacosx-version-min=10.15 -MD -MT minuit2/src/CMakeFiles/Minuit2.dir/SimplexSeedGenerator.cxx.o -MF CMakeFiles/Minuit2.dir/SimplexSeedGenerator.cxx.o.d -o CMakeFiles/Minuit2.dir/SimplexSeedGenerator.cxx.o -c /Users/akhil/work_dir/azure/AZURE2/minuit2/src/SimplexSeedGenerator.cxx
AutoMoc: Reading dependencies from "SRC:/build-macos/gui/src/AZURESetup_autogen/FXHWMZGTYG/moc_LevelsTab.cpp.d"
AutoMoc: Generating "SRC:/build-macos/gui/src/AZURESetup_autogen/FXHWMZGTYG/moc_TextEditBuffer.cpp", because it doesn't exist, from "SRC:/gui/include/TextEditBuffer.h"
/opt/anaconda3/bin/moc -DMACX_SPACING -DQT_CORE_LIB -DQT_GUI_LIB -DQT_NETWORK_LIB -DQT_NO_DEBUG -DQT_PRINTSUPPORT_LIB -DQT_WIDGETS_LIB -DUSE_ERYA -DUSE_QWT -I/usr/local/include -I/Users/akhil/work_dir/azure/AZURE2/coul/include -I/Users/akhil/work_dir/azure/AZURE2/minuit2/inc -I/Users/akhil/work_dir/azure/AZURE2/erya/include -I/Users/akhil/work_dir/azure/AZURE2/erya/pugixml/src -I/opt/homebrew/opt/qwt/include -I/Users/akhil/work_dir/azure/AZURE2/gui/include -I/Users/akhil/work_dir/azure/AZURE2/include -I/opt/homebrew/opt/qwt/lib/qwt.framework -I/opt/anaconda3/include/qt -I/opt/anaconda3/include/qt/QtCore -I/opt/anaconda3/mkspecs/macx-clang -I/opt/anaconda3/include/qt/QtGui -I/Library/Developer/CommandLineTools/SDKs/MacOSX.sdk/System/Library/Frameworks/OpenGL.framework/Headers -I/opt/anaconda3/include/qt/QtPrintSupport -I/opt/anaconda3/include/qt/QtWidgets -I/opt/anaconda3/include/qt/QtNetwork -I/opt/homebrew/Cellar/llvm/21.1.5/include/c++/v1 -I/opt/homebrew/Cellar/llvm/21.1.5/lib/clang/21/include -I/Library/Developer/CommandLineTools/SDKs/MacOSX26.sdk/usr/include -F /Library/Developer/CommandLineTools/SDKs/MacOSX.sdk/System/Library/Frameworks --include /Users/akhil/work_dir/azure/AZURE2/build-macos/gui/src/AZURESetup_autogen/moc_predefs.h --output-dep-file -o /Users/akhil/work_dir/azure/AZURE2/build-macos/gui/src/AZURESetup_autogen/FXHWMZGTYG/moc_TextEditBuffer.cpp /Users/akhil/work_dir/azure/AZURE2/gui/include/TextEditBuffer.h
AutoMoc: Reading dependencies from "SRC:/build-macos/gui/src/AZURESetup_autogen/FXHWMZGTYG/moc_PairsModel.cpp.d"
AutoMoc: Reading dependencies from "SRC:/build-macos/gui/src/AZURESetup_autogen/FXHWMZGTYG/moc_SegmentsDataModel.cpp.d"
AutoMoc: Reading dependencies from "SRC:/build-macos/gui/src/AZURESetup_autogen/FXHWMZGTYG/moc_PlotTab.cpp.d"
AutoMoc: Reading dependencies from "SRC:/build-macos/gui/src/AZURESetup_autogen/FXHWMZGTYG/moc_TargetIntModel.cpp.d"
AutoMoc: Reading dependencies from "SRC:/build-macos/gui/src/AZURESetup_autogen/FXHWMZGTYG/moc_RunTab.cpp.d"
AutoMoc: Reading dependencies from "SRC:/build-macos/gui/src/AZURESetup_autogen/FXHWMZGTYG/moc_SegmentsTab.cpp.d"
AutoMoc: Reading dependencies from "SRC:/build-macos/gui/src/AZURESetup_autogen/FXHWMZGTYG/moc_SegmentsTestModel.cpp.d"
[ 45%] Building CXX object minuit2/src/CMakeFiles/Minuit2.dir/SinParameterTransformation.cxx.o
cd /Users/akhil/work_dir/azure/AZURE2/build-macos/minuit2/src && /opt/homebrew/opt/llvm/bin/clang++ -DMATHCORE_STANDALONE -DROOT_Math_VecTypes -I/usr/local/include -I/Users/akhil/work_dir/azure/AZURE2/coul/include -I/Users/akhil/work_dir/azure/AZURE2/minuit2/inc -fopenmp=libomp -O3 -DNDEBUG -std=c++17 -arch arm64 -mmacosx-version-min=10.15 -MD -MT minuit2/src/CMakeFiles/Minuit2.dir/SinParameterTransformation.cxx.o -MF CMakeFiles/Minuit2.dir/SinParameterTransformation.cxx.o.d -o CMakeFiles/Minuit2.dir/SinParameterTransformation.cxx.o -c /Users/akhil/work_dir/azure/AZURE2/minuit2/src/SinParameterTransformation.cxx
AutoMoc: Reading dependencies from "SRC:/build-macos/gui/src/AZURESetup_autogen/FXHWMZGTYG/moc_PairsTab.cpp.d"
[ 45%] Building CXX object minuit2/src/CMakeFiles/Minuit2.dir/SqrtLowParameterTransformation.cxx.o
cd /Users/akhil/work_dir/azure/AZURE2/build-macos/minuit2/src && /opt/homebrew/opt/llvm/bin/clang++ -DMATHCORE_STANDALONE -DROOT_Math_VecTypes -I/usr/local/include -I/Users/akhil/work_dir/azure/AZURE2/coul/include -I/Users/akhil/work_dir/azure/AZURE2/minuit2/inc -fopenmp=libomp -O3 -DNDEBUG -std=c++17 -arch arm64 -mmacosx-version-min=10.15 -MD -MT minuit2/src/CMakeFiles/Minuit2.dir/SqrtLowParameterTransformation.cxx.o -MF CMakeFiles/Minuit2.dir/SqrtLowParameterTransformation.cxx.o.d -o CMakeFiles/Minuit2.dir/SqrtLowParameterTransformation.cxx.o -c /Users/akhil/work_dir/azure/AZURE2/minuit2/src/SqrtLowParameterTransformation.cxx
[ 46%] Building CXX object minuit2/src/CMakeFiles/Minuit2.dir/SqrtUpParameterTransformation.cxx.o
cd /Users/akhil/work_dir/azure/AZURE2/build-macos/minuit2/src && /opt/homebrew/opt/llvm/bin/clang++ -DMATHCORE_STANDALONE -DROOT_Math_VecTypes -I/usr/local/include -I/Users/akhil/work_dir/azure/AZURE2/coul/include -I/Users/akhil/work_dir/azure/AZURE2/minuit2/inc -fopenmp=libomp -O3 -DNDEBUG -std=c++17 -arch arm64 -mmacosx-version-min=10.15 -MD -MT minuit2/src/CMakeFiles/Minuit2.dir/SqrtUpParameterTransformation.cxx.o -MF CMakeFiles/Minuit2.dir/SqrtUpParameterTransformation.cxx.o.d -o CMakeFiles/Minuit2.dir/SqrtUpParameterTransformation.cxx.o -c /Users/akhil/work_dir/azure/AZURE2/minuit2/src/SqrtUpParameterTransformation.cxx
[ 46%] Building CXX object minuit2/src/CMakeFiles/Minuit2.dir/VariableMetricBuilder.cxx.o
cd /Users/akhil/work_dir/azure/AZURE2/build-macos/minuit2/src && /opt/homebrew/opt/llvm/bin/clang++ -DMATHCORE_STANDALONE -DROOT_Math_VecTypes -I/usr/local/include -I/Users/akhil/work_dir/azure/AZURE2/coul/include -I/Users/akhil/work_dir/azure/AZURE2/minuit2/inc -fopenmp=libomp -O3 -DNDEBUG -std=c++17 -arch arm64 -mmacosx-version-min=10.15 -MD -MT minuit2/src/CMakeFiles/Minuit2.dir/VariableMetricBuilder.cxx.o -MF CMakeFiles/Minuit2.dir/VariableMetricBuilder.cxx.o.d -o CMakeFiles/Minuit2.dir/VariableMetricBuilder.cxx.o -c /Users/akhil/work_dir/azure/AZURE2/minuit2/src/VariableMetricBuilder.cxx
[ 47%] Building CXX object minuit2/src/CMakeFiles/Minuit2.dir/VariableMetricEDMEstimator.cxx.o
cd /Users/akhil/work_dir/azure/AZURE2/build-macos/minuit2/src && /opt/homebrew/opt/llvm/bin/clang++ -DMATHCORE_STANDALONE -DROOT_Math_VecTypes -I/usr/local/include -I/Users/akhil/work_dir/azure/AZURE2/coul/include -I/Users/akhil/work_dir/azure/AZURE2/minuit2/inc -fopenmp=libomp -O3 -DNDEBUG -std=c++17 -arch arm64 -mmacosx-version-min=10.15 -MD -MT minuit2/src/CMakeFiles/Minuit2.dir/VariableMetricEDMEstimator.cxx.o -MF CMakeFiles/Minuit2.dir/VariableMetricEDMEstimator.cxx.o.d -o CMakeFiles/Minuit2.dir/VariableMetricEDMEstimator.cxx.o -c /Users/akhil/work_dir/azure/AZURE2/minuit2/src/VariableMetricEDMEstimator.cxx
[ 48%] Building CXX object minuit2/src/CMakeFiles/Minuit2.dir/mnbins.cxx.o
cd /Users/akhil/work_dir/azure/AZURE2/build-macos/minuit2/src && /opt/homebrew/opt/llvm/bin/clang++ -DMATHCORE_STANDALONE -DROOT_Math_VecTypes -I/usr/local/include -I/Users/akhil/work_dir/azure/AZURE2/coul/include -I/Users/akhil/work_dir/azure/AZURE2/minuit2/inc -fopenmp=libomp -O3 -DNDEBUG -std=c++17 -arch arm64 -mmacosx-version-min=10.15 -MD -MT minuit2/src/CMakeFiles/Minuit2.dir/mnbins.cxx.o -MF CMakeFiles/Minuit2.dir/mnbins.cxx.o.d -o CMakeFiles/Minuit2.dir/mnbins.cxx.o -c /Users/akhil/work_dir/azure/AZURE2/minuit2/src/mnbins.cxx
[ 48%] Building CXX object minuit2/src/CMakeFiles/Minuit2.dir/mndasum.cxx.o
cd /Users/akhil/work_dir/azure/AZURE2/build-macos/minuit2/src && /opt/homebrew/opt/llvm/bin/clang++ -DMATHCORE_STANDALONE -DROOT_Math_VecTypes -I/usr/local/include -I/Users/akhil/work_dir/azure/AZURE2/coul/include -I/Users/akhil/work_dir/azure/AZURE2/minuit2/inc -fopenmp=libomp -O3 -DNDEBUG -std=c++17 -arch arm64 -mmacosx-version-min=10.15 -MD -MT minuit2/src/CMakeFiles/Minuit2.dir/mndasum.cxx.o -MF CMakeFiles/Minuit2.dir/mndasum.cxx.o.d -o CMakeFiles/Minuit2.dir/mndasum.cxx.o -c /Users/akhil/work_dir/azure/AZURE2/minuit2/src/mndasum.cxx
AutoMoc: Reading dependencies from "SRC:/build-macos/gui/src/AZURESetup_autogen/FXHWMZGTYG/moc_TargetIntTab.cpp.d"
[ 49%] Building CXX object minuit2/src/CMakeFiles/Minuit2.dir/mndaxpy.cxx.o
cd /Users/akhil/work_dir/azure/AZURE2/build-macos/minuit2/src && /opt/homebrew/opt/llvm/bin/clang++ -DMATHCORE_STANDALONE -DROOT_Math_VecTypes -I/usr/local/include -I/Users/akhil/work_dir/azure/AZURE2/coul/include -I/Users/akhil/work_dir/azure/AZURE2/minuit2/inc -fopenmp=libomp -O3 -DNDEBUG -std=c++17 -arch arm64 -mmacosx-version-min=10.15 -MD -MT minuit2/src/CMakeFiles/Minuit2.dir/mndaxpy.cxx.o -MF CMakeFiles/Minuit2.dir/mndaxpy.cxx.o.d -o CMakeFiles/Minuit2.dir/mndaxpy.cxx.o -c /Users/akhil/work_dir/azure/AZURE2/minuit2/src/mndaxpy.cxx
[ 49%] Building CXX object minuit2/src/CMakeFiles/Minuit2.dir/mnddot.cxx.o
cd /Users/akhil/work_dir/azure/AZURE2/build-macos/minuit2/src && /opt/homebrew/opt/llvm/bin/clang++ -DMATHCORE_STANDALONE -DROOT_Math_VecTypes -I/usr/local/include -I/Users/akhil/work_dir/azure/AZURE2/coul/include -I/Users/akhil/work_dir/azure/AZURE2/minuit2/inc -fopenmp=libomp -O3 -DNDEBUG -std=c++17 -arch arm64 -mmacosx-version-min=10.15 -MD -MT minuit2/src/CMakeFiles/Minuit2.dir/mnddot.cxx.o -MF CMakeFiles/Minuit2.dir/mnddot.cxx.o.d -o CMakeFiles/Minuit2.dir/mnddot.cxx.o -c /Users/akhil/work_dir/azure/AZURE2/minuit2/src/mnddot.cxx
AutoMoc: Reading dependencies from "SRC:/build-macos/gui/src/AZURESetup_autogen/FXHWMZGTYG/moc_TextEditBuffer.cpp.d"
AutoMoc: Generating MOC compilation "SRC:/build-macos/gui/src/AZURESetup_autogen/mocs_compilation.cpp"
AutoMoc: Merging MOC dependencies into "SRC:/build-macos/gui/src/AZURESetup_autogen/deps"
[ 49%] Building CXX object minuit2/src/CMakeFiles/Minuit2.dir/mndspmv.cxx.o
cd /Users/akhil/work_dir/azure/AZURE2/build-macos/minuit2/src && /opt/homebrew/opt/llvm/bin/clang++ -DMATHCORE_STANDALONE -DROOT_Math_VecTypes -I/usr/local/include -I/Users/akhil/work_dir/azure/AZURE2/coul/include -I/Users/akhil/work_dir/azure/AZURE2/minuit2/inc -fopenmp=libomp -O3 -DNDEBUG -std=c++17 -arch arm64 -mmacosx-version-min=10.15 -MD -MT minuit2/src/CMakeFiles/Minuit2.dir/mndspmv.cxx.o -MF CMakeFiles/Minuit2.dir/mndspmv.cxx.o.d -o CMakeFiles/Minuit2.dir/mndspmv.cxx.o -c /Users/akhil/work_dir/azure/AZURE2/minuit2/src/mndspmv.cxx
AutoGen: Writing the parse cache file "SRC:/build-macos/gui/src/CMakeFiles/AZURESetup_autogen.dir/ParseCache.txt"
[ 50%] Building CXX object minuit2/src/CMakeFiles/Minuit2.dir/mndscal.cxx.o
cd /Users/akhil/work_dir/azure/AZURE2/build-macos/minuit2/src && /opt/homebrew/opt/llvm/bin/clang++ -DMATHCORE_STANDALONE -DROOT_Math_VecTypes -I/usr/local/include -I/Users/akhil/work_dir/azure/AZURE2/coul/include -I/Users/akhil/work_dir/azure/AZURE2/minuit2/inc -fopenmp=libomp -O3 -DNDEBUG -std=c++17 -arch arm64 -mmacosx-version-min=10.15 -MD -MT minuit2/src/CMakeFiles/Minuit2.dir/mndscal.cxx.o -MF CMakeFiles/Minuit2.dir/mndscal.cxx.o.d -o CMakeFiles/Minuit2.dir/mndscal.cxx.o -c /Users/akhil/work_dir/azure/AZURE2/minuit2/src/mndscal.cxx
[ 51%] Building CXX object minuit2/src/CMakeFiles/Minuit2.dir/mndspr.cxx.o
cd /Users/akhil/work_dir/azure/AZURE2/build-macos/minuit2/src && /opt/homebrew/opt/llvm/bin/clang++ -DMATHCORE_STANDALONE -DROOT_Math_VecTypes -I/usr/local/include -I/Users/akhil/work_dir/azure/AZURE2/coul/include -I/Users/akhil/work_dir/azure/AZURE2/minuit2/inc -fopenmp=libomp -O3 -DNDEBUG -std=c++17 -arch arm64 -mmacosx-version-min=10.15 -MD -MT minuit2/src/CMakeFiles/Minuit2.dir/mndspr.cxx.o -MF CMakeFiles/Minuit2.dir/mndspr.cxx.o.d -o CMakeFiles/Minuit2.dir/mndspr.cxx.o -c /Users/akhil/work_dir/azure/AZURE2/minuit2/src/mndspr.cxx
AutoGen: Writing the settings file "SRC:/build-macos/gui/src/CMakeFiles/AZURESetup_autogen.dir/AutogenUsed.txt"
cd /Users/akhil/work_dir/azure/AZURE2/build-macos/gui/src && /Applications/CMake.app/Contents/bin/cmake -E touch /Users/akhil/work_dir/azure/AZURE2/build-macos/gui/src/AZURESetup_autogen/timestamp
[ 52%] Building CXX object minuit2/src/CMakeFiles/Minuit2.dir/mnlsame.cxx.o
cd /Users/akhil/work_dir/azure/AZURE2/build-macos/minuit2/src && /opt/homebrew/opt/llvm/bin/clang++ -DMATHCORE_STANDALONE -DROOT_Math_VecTypes -I/usr/local/include -I/Users/akhil/work_dir/azure/AZURE2/coul/include -I/Users/akhil/work_dir/azure/AZURE2/minuit2/inc -fopenmp=libomp -O3 -DNDEBUG -std=c++17 -arch arm64 -mmacosx-version-min=10.15 -MD -MT minuit2/src/CMakeFiles/Minuit2.dir/mnlsame.cxx.o -MF CMakeFiles/Minuit2.dir/mnlsame.cxx.o.d -o CMakeFiles/Minuit2.dir/mnlsame.cxx.o -c /Users/akhil/work_dir/azure/AZURE2/minuit2/src/mnlsame.cxx
[ 52%] Built target AZURESetup_autogen
/Applications/Xcode.app/Contents/Developer/usr/bin/make  -f gui/src/CMakeFiles/AZURESetup.dir/build.make gui/src/CMakeFiles/AZURESetup.dir/depend
[ 52%] Building CXX object minuit2/src/CMakeFiles/Minuit2.dir/mnteigen.cxx.o
cd /Users/akhil/work_dir/azure/AZURE2/build-macos/minuit2/src && /opt/homebrew/opt/llvm/bin/clang++ -DMATHCORE_STANDALONE -DROOT_Math_VecTypes -I/usr/local/include -I/Users/akhil/work_dir/azure/AZURE2/coul/include -I/Users/akhil/work_dir/azure/AZURE2/minuit2/inc -fopenmp=libomp -O3 -DNDEBUG -std=c++17 -arch arm64 -mmacosx-version-min=10.15 -MD -MT minuit2/src/CMakeFiles/Minuit2.dir/mnteigen.cxx.o -MF CMakeFiles/Minuit2.dir/mnteigen.cxx.o.d -o CMakeFiles/Minuit2.dir/mnteigen.cxx.o -c /Users/akhil/work_dir/azure/AZURE2/minuit2/src/mnteigen.cxx
[ 53%] Automatic RCC for AZURESetup.qrc
cd /Users/akhil/work_dir/azure/AZURE2/build-macos/gui/src && /Applications/CMake.app/Contents/bin/cmake -E cmake_autorcc /Users/akhil/work_dir/azure/AZURE2/build-macos/gui/src/CMakeFiles/AZURESetup_autogen.dir/AutoRcc_AZURESetup_EWIEGA46WW_Info.json Release
[ 54%] Building CXX object minuit2/src/CMakeFiles/Minuit2.dir/mntplot.cxx.o
cd /Users/akhil/work_dir/azure/AZURE2/build-macos/minuit2/src && /opt/homebrew/opt/llvm/bin/clang++ -DMATHCORE_STANDALONE -DROOT_Math_VecTypes -I/usr/local/include -I/Users/akhil/work_dir/azure/AZURE2/coul/include -I/Users/akhil/work_dir/azure/AZURE2/minuit2/inc -fopenmp=libomp -O3 -DNDEBUG -std=c++17 -arch arm64 -mmacosx-version-min=10.15 -MD -MT minuit2/src/CMakeFiles/Minuit2.dir/mntplot.cxx.o -MF CMakeFiles/Minuit2.dir/mntplot.cxx.o.d -o CMakeFiles/Minuit2.dir/mntplot.cxx.o -c /Users/akhil/work_dir/azure/AZURE2/minuit2/src/mntplot.cxx
AutoRcc: Generating "SRC:/build-macos/gui/src/AZURESetup_autogen/EWIEGA46WW/qrc_AZURESetup.cpp", because it doesn't exist, from "SRC:/gui/src/AZURESetup.qrc"
/opt/anaconda3/bin/rcc -name AZURESetup -o /Users/akhil/work_dir/azure/AZURE2/build-macos/gui/src/AZURESetup_autogen/EWIEGA46WW/qrc_AZURESetup.cpp /Users/akhil/work_dir/azure/AZURE2/gui/src/AZURESetup.qrc
[ 54%] Building CXX object minuit2/src/CMakeFiles/Minuit2.dir/mnvert.cxx.o
cd /Users/akhil/work_dir/azure/AZURE2/build-macos/minuit2/src && /opt/homebrew/opt/llvm/bin/clang++ -DMATHCORE_STANDALONE -DROOT_Math_VecTypes -I/usr/local/include -I/Users/akhil/work_dir/azure/AZURE2/coul/include -I/Users/akhil/work_dir/azure/AZURE2/minuit2/inc -fopenmp=libomp -O3 -DNDEBUG -std=c++17 -arch arm64 -mmacosx-version-min=10.15 -MD -MT minuit2/src/CMakeFiles/Minuit2.dir/mnvert.cxx.o -MF CMakeFiles/Minuit2.dir/mnvert.cxx.o.d -o CMakeFiles/Minuit2.dir/mnvert.cxx.o -c /Users/akhil/work_dir/azure/AZURE2/minuit2/src/mnvert.cxx
AutoRcc: Writing settings file "SRC:/build-macos/gui/src/CMakeFiles/AZURESetup_autogen.dir/AutoRcc_AZURESetup_EWIEGA46WW_Used.txt"
cd /Users/akhil/work_dir/azure/AZURE2/build-macos && /Applications/CMake.app/Contents/bin/cmake -E cmake_depends "Unix Makefiles" /Users/akhil/work_dir/azure/AZURE2 /Users/akhil/work_dir/azure/AZURE2/gui/src /Users/akhil/work_dir/azure/AZURE2/build-macos /Users/akhil/work_dir/azure/AZURE2/build-macos/gui/src /Users/akhil/work_dir/azure/AZURE2/build-macos/gui/src/CMakeFiles/AZURESetup.dir/DependInfo.cmake "--color="
/Applications/Xcode.app/Contents/Developer/usr/bin/make  -f gui/src/CMakeFiles/AZURESetup.dir/build.make gui/src/CMakeFiles/AZURESetup.dir/build
[ 55%] Building CXX object minuit2/src/CMakeFiles/Minuit2.dir/mnxerbla.cxx.o
cd /Users/akhil/work_dir/azure/AZURE2/build-macos/minuit2/src && /opt/homebrew/opt/llvm/bin/clang++ -DMATHCORE_STANDALONE -DROOT_Math_VecTypes -I/usr/local/include -I/Users/akhil/work_dir/azure/AZURE2/coul/include -I/Users/akhil/work_dir/azure/AZURE2/minuit2/inc -fopenmp=libomp -O3 -DNDEBUG -std=c++17 -arch arm64 -mmacosx-version-min=10.15 -MD -MT minuit2/src/CMakeFiles/Minuit2.dir/mnxerbla.cxx.o -MF CMakeFiles/Minuit2.dir/mnxerbla.cxx.o.d -o CMakeFiles/Minuit2.dir/mnxerbla.cxx.o -c /Users/akhil/work_dir/azure/AZURE2/minuit2/src/mnxerbla.cxx
[ 55%] Building CXX object gui/src/CMakeFiles/AZURESetup.dir/AZURESetup_autogen/mocs_compilation.cpp.o
cd /Users/akhil/work_dir/azure/AZURE2/build-macos/gui/src && /opt/homebrew/opt/llvm/bin/clang++ -DMACX_SPACING -DQT_CORE_LIB -DQT_GUI_LIB -DQT_NETWORK_LIB -DQT_NO_DEBUG -DQT_PRINTSUPPORT_LIB -DQT_WIDGETS_LIB -DUSE_ERYA -DUSE_QWT -I/usr/local/include -I/Users/akhil/work_dir/azure/AZURE2/coul/include -I/Users/akhil/work_dir/azure/AZURE2/minuit2/inc -I/Users/akhil/work_dir/azure/AZURE2/erya/include -I/Users/akhil/work_dir/azure/AZURE2/erya/pugixml/src -I/opt/homebrew/opt/qwt/include -I/Users/akhil/work_dir/azure/AZURE2/gui/src/../include -I/Users/akhil/work_dir/azure/AZURE2/include -F/opt/homebrew/opt/qwt/lib -isystem /Users/akhil/work_dir/azure/AZURE2/build-macos/gui/src/AZURESetup_autogen/include -isystem /opt/anaconda3/include/qt -isystem /opt/anaconda3/include/qt/QtCore -isystem /opt/anaconda3/./mkspecs/macx-clang -isystem /opt/anaconda3/include/qt/QtGui -isystem /Library/Developer/CommandLineTools/SDKs/MacOSX.sdk/System/Library/Frameworks/OpenGL.framework/Headers -isystem /opt/anaconda3/include/qt/QtPrintSupport -isystem /opt/anaconda3/include/qt/QtWidgets -isystem /opt/anaconda3/include/qt/QtNetwork -fopenmp=libomp -O3 -DNDEBUG -std=c++17 -arch arm64 -mmacosx-version-min=10.15 -fPIC -MD -MT gui/src/CMakeFiles/AZURESetup.dir/AZURESetup_autogen/mocs_compilation.cpp.o -MF CMakeFiles/AZURESetup.dir/AZURESetup_autogen/mocs_compilation.cpp.o.d -o CMakeFiles/AZURESetup.dir/AZURESetup_autogen/mocs_compilation.cpp.o -c /Users/akhil/work_dir/azure/AZURE2/build-macos/gui/src/AZURESetup_autogen/mocs_compilation.cpp
[ 56%] Building CXX object gui/src/CMakeFiles/AZURESetup.dir/ChooseFileButton.cpp.o
cd /Users/akhil/work_dir/azure/AZURE2/build-macos/gui/src && /opt/homebrew/opt/llvm/bin/clang++ -DMACX_SPACING -DQT_CORE_LIB -DQT_GUI_LIB -DQT_NETWORK_LIB -DQT_NO_DEBUG -DQT_PRINTSUPPORT_LIB -DQT_WIDGETS_LIB -DUSE_ERYA -DUSE_QWT -I/usr/local/include -I/Users/akhil/work_dir/azure/AZURE2/coul/include -I/Users/akhil/work_dir/azure/AZURE2/minuit2/inc -I/Users/akhil/work_dir/azure/AZURE2/erya/include -I/Users/akhil/work_dir/azure/AZURE2/erya/pugixml/src -I/opt/homebrew/opt/qwt/include -I/Users/akhil/work_dir/azure/AZURE2/gui/src/../include -I/Users/akhil/work_dir/azure/AZURE2/include -F/opt/homebrew/opt/qwt/lib -isystem /Users/akhil/work_dir/azure/AZURE2/build-macos/gui/src/AZURESetup_autogen/include -isystem /opt/anaconda3/include/qt -isystem /opt/anaconda3/include/qt/QtCore -isystem /opt/anaconda3/./mkspecs/macx-clang -isystem /opt/anaconda3/include/qt/QtGui -isystem /Library/Developer/CommandLineTools/SDKs/MacOSX.sdk/System/Library/Frameworks/OpenGL.framework/Headers -isystem /opt/anaconda3/include/qt/QtPrintSupport -isystem /opt/anaconda3/include/qt/QtWidgets -isystem /opt/anaconda3/include/qt/QtNetwork -fopenmp=libomp -O3 -DNDEBUG -std=c++17 -arch arm64 -mmacosx-version-min=10.15 -fPIC -MD -MT gui/src/CMakeFiles/AZURESetup.dir/ChooseFileButton.cpp.o -MF CMakeFiles/AZURESetup.dir/ChooseFileButton.cpp.o.d -o CMakeFiles/AZURESetup.dir/ChooseFileButton.cpp.o -c /Users/akhil/work_dir/azure/AZURE2/gui/src/ChooseFileButton.cpp
[ 56%] Building CXX object gui/src/CMakeFiles/AZURESetup.dir/PairsModel.cpp.o
cd /Users/akhil/work_dir/azure/AZURE2/build-macos/gui/src && /opt/homebrew/opt/llvm/bin/clang++ -DMACX_SPACING -DQT_CORE_LIB -DQT_GUI_LIB -DQT_NETWORK_LIB -DQT_NO_DEBUG -DQT_PRINTSUPPORT_LIB -DQT_WIDGETS_LIB -DUSE_ERYA -DUSE_QWT -I/usr/local/include -I/Users/akhil/work_dir/azure/AZURE2/coul/include -I/Users/akhil/work_dir/azure/AZURE2/minuit2/inc -I/Users/akhil/work_dir/azure/AZURE2/erya/include -I/Users/akhil/work_dir/azure/AZURE2/erya/pugixml/src -I/opt/homebrew/opt/qwt/include -I/Users/akhil/work_dir/azure/AZURE2/gui/src/../include -I/Users/akhil/work_dir/azure/AZURE2/include -F/opt/homebrew/opt/qwt/lib -isystem /Users/akhil/work_dir/azure/AZURE2/build-macos/gui/src/AZURESetup_autogen/include -isystem /opt/anaconda3/include/qt -isystem /opt/anaconda3/include/qt/QtCore -isystem /opt/anaconda3/./mkspecs/macx-clang -isystem /opt/anaconda3/include/qt/QtGui -isystem /Library/Developer/CommandLineTools/SDKs/MacOSX.sdk/System/Library/Frameworks/OpenGL.framework/Headers -isystem /opt/anaconda3/include/qt/QtPrintSupport -isystem /opt/anaconda3/include/qt/QtWidgets -isystem /opt/anaconda3/include/qt/QtNetwork -fopenmp=libomp -O3 -DNDEBUG -std=c++17 -arch arm64 -mmacosx-version-min=10.15 -fPIC -MD -MT gui/src/CMakeFiles/AZURESetup.dir/PairsModel.cpp.o -MF CMakeFiles/AZURESetup.dir/PairsModel.cpp.o.d -o CMakeFiles/AZURESetup.dir/PairsModel.cpp.o -c /Users/akhil/work_dir/azure/AZURE2/gui/src/PairsModel.cpp
[ 57%] Building CXX object gui/src/CMakeFiles/AZURESetup.dir/AddLevelDialog.cpp.o
cd /Users/akhil/work_dir/azure/AZURE2/build-macos/gui/src && /opt/homebrew/opt/llvm/bin/clang++ -DMACX_SPACING -DQT_CORE_LIB -DQT_GUI_LIB -DQT_NETWORK_LIB -DQT_NO_DEBUG -DQT_PRINTSUPPORT_LIB -DQT_WIDGETS_LIB -DUSE_ERYA -DUSE_QWT -I/usr/local/include -I/Users/akhil/work_dir/azure/AZURE2/coul/include -I/Users/akhil/work_dir/azure/AZURE2/minuit2/inc -I/Users/akhil/work_dir/azure/AZURE2/erya/include -I/Users/akhil/work_dir/azure/AZURE2/erya/pugixml/src -I/opt/homebrew/opt/qwt/include -I/Users/akhil/work_dir/azure/AZURE2/gui/src/../include -I/Users/akhil/work_dir/azure/AZURE2/include -F/opt/homebrew/opt/qwt/lib -isystem /Users/akhil/work_dir/azure/AZURE2/build-macos/gui/src/AZURESetup_autogen/include -isystem /opt/anaconda3/include/qt -isystem /opt/anaconda3/include/qt/QtCore -isystem /opt/anaconda3/./mkspecs/macx-clang -isystem /opt/anaconda3/include/qt/QtGui -isystem /Library/Developer/CommandLineTools/SDKs/MacOSX.sdk/System/Library/Frameworks/OpenGL.framework/Headers -isystem /opt/anaconda3/include/qt/QtPrintSupport -isystem /opt/anaconda3/include/qt/QtWidgets -isystem /opt/anaconda3/include/qt/QtNetwork -fopenmp=libomp -O3 -DNDEBUG -std=c++17 -arch arm64 -mmacosx-version-min=10.15 -fPIC -MD -MT gui/src/CMakeFiles/AZURESetup.dir/AddLevelDialog.cpp.o -MF CMakeFiles/AZURESetup.dir/AddLevelDialog.cpp.o.d -o CMakeFiles/AZURESetup.dir/AddLevelDialog.cpp.o -c /Users/akhil/work_dir/azure/AZURE2/gui/src/AddLevelDialog.cpp
[ 58%] Building CXX object gui/src/CMakeFiles/AZURESetup.dir/EditChecksDialog.cpp.o
cd /Users/akhil/work_dir/azure/AZURE2/build-macos/gui/src && /opt/homebrew/opt/llvm/bin/clang++ -DMACX_SPACING -DQT_CORE_LIB -DQT_GUI_LIB -DQT_NETWORK_LIB -DQT_NO_DEBUG -DQT_PRINTSUPPORT_LIB -DQT_WIDGETS_LIB -DUSE_ERYA -DUSE_QWT -I/usr/local/include -I/Users/akhil/work_dir/azure/AZURE2/coul/include -I/Users/akhil/work_dir/azure/AZURE2/minuit2/inc -I/Users/akhil/work_dir/azure/AZURE2/erya/include -I/Users/akhil/work_dir/azure/AZURE2/erya/pugixml/src -I/opt/homebrew/opt/qwt/include -I/Users/akhil/work_dir/azure/AZURE2/gui/src/../include -I/Users/akhil/work_dir/azure/AZURE2/include -F/opt/homebrew/opt/qwt/lib -isystem /Users/akhil/work_dir/azure/AZURE2/build-macos/gui/src/AZURESetup_autogen/include -isystem /opt/anaconda3/include/qt -isystem /opt/anaconda3/include/qt/QtCore -isystem /opt/anaconda3/./mkspecs/macx-clang -isystem /opt/anaconda3/include/qt/QtGui -isystem /Library/Developer/CommandLineTools/SDKs/MacOSX.sdk/System/Library/Frameworks/OpenGL.framework/Headers -isystem /opt/anaconda3/include/qt/QtPrintSupport -isystem /opt/anaconda3/include/qt/QtWidgets -isystem /opt/anaconda3/include/qt/QtNetwork -fopenmp=libomp -O3 -DNDEBUG -std=c++17 -arch arm64 -mmacosx-version-min=10.15 -fPIC -MD -MT gui/src/CMakeFiles/AZURESetup.dir/EditChecksDialog.cpp.o -MF CMakeFiles/AZURESetup.dir/EditChecksDialog.cpp.o.d -o CMakeFiles/AZURESetup.dir/EditChecksDialog.cpp.o -c /Users/akhil/work_dir/azure/AZURE2/gui/src/EditChecksDialog.cpp
[ 58%] Building CXX object gui/src/CMakeFiles/AZURESetup.dir/PairsTab.cpp.o
cd /Users/akhil/work_dir/azure/AZURE2/build-macos/gui/src && /opt/homebrew/opt/llvm/bin/clang++ -DMACX_SPACING -DQT_CORE_LIB -DQT_GUI_LIB -DQT_NETWORK_LIB -DQT_NO_DEBUG -DQT_PRINTSUPPORT_LIB -DQT_WIDGETS_LIB -DUSE_ERYA -DUSE_QWT -I/usr/local/include -I/Users/akhil/work_dir/azure/AZURE2/coul/include -I/Users/akhil/work_dir/azure/AZURE2/minuit2/inc -I/Users/akhil/work_dir/azure/AZURE2/erya/include -I/Users/akhil/work_dir/azure/AZURE2/erya/pugixml/src -I/opt/homebrew/opt/qwt/include -I/Users/akhil/work_dir/azure/AZURE2/gui/src/../include -I/Users/akhil/work_dir/azure/AZURE2/include -F/opt/homebrew/opt/qwt/lib -isystem /Users/akhil/work_dir/azure/AZURE2/build-macos/gui/src/AZURESetup_autogen/include -isystem /opt/anaconda3/include/qt -isystem /opt/anaconda3/include/qt/QtCore -isystem /opt/anaconda3/./mkspecs/macx-clang -isystem /opt/anaconda3/include/qt/QtGui -isystem /Library/Developer/CommandLineTools/SDKs/MacOSX.sdk/System/Library/Frameworks/OpenGL.framework/Headers -isystem /opt/anaconda3/include/qt/QtPrintSupport -isystem /opt/anaconda3/include/qt/QtWidgets -isystem /opt/anaconda3/include/qt/QtNetwork -fopenmp=libomp -O3 -DNDEBUG -std=c++17 -arch arm64 -mmacosx-version-min=10.15 -fPIC -MD -MT gui/src/CMakeFiles/AZURESetup.dir/PairsTab.cpp.o -MF CMakeFiles/AZURESetup.dir/PairsTab.cpp.o.d -o CMakeFiles/AZURESetup.dir/PairsTab.cpp.o -c /Users/akhil/work_dir/azure/AZURE2/gui/src/PairsTab.cpp
[ 59%] Building CXX object gui/src/CMakeFiles/AZURESetup.dir/AddPairDialog.cpp.o
cd /Users/akhil/work_dir/azure/AZURE2/build-macos/gui/src && /opt/homebrew/opt/llvm/bin/clang++ -DMACX_SPACING -DQT_CORE_LIB -DQT_GUI_LIB -DQT_NETWORK_LIB -DQT_NO_DEBUG -DQT_PRINTSUPPORT_LIB -DQT_WIDGETS_LIB -DUSE_ERYA -DUSE_QWT -I/usr/local/include -I/Users/akhil/work_dir/azure/AZURE2/coul/include -I/Users/akhil/work_dir/azure/AZURE2/minuit2/inc -I/Users/akhil/work_dir/azure/AZURE2/erya/include -I/Users/akhil/work_dir/azure/AZURE2/erya/pugixml/src -I/opt/homebrew/opt/qwt/include -I/Users/akhil/work_dir/azure/AZURE2/gui/src/../include -I/Users/akhil/work_dir/azure/AZURE2/include -F/opt/homebrew/opt/qwt/lib -isystem /Users/akhil/work_dir/azure/AZURE2/build-macos/gui/src/AZURESetup_autogen/include -isystem /opt/anaconda3/include/qt -isystem /opt/anaconda3/include/qt/QtCore -isystem /opt/anaconda3/./mkspecs/macx-clang -isystem /opt/anaconda3/include/qt/QtGui -isystem /Library/Developer/CommandLineTools/SDKs/MacOSX.sdk/System/Library/Frameworks/OpenGL.framework/Headers -isystem /opt/anaconda3/include/qt/QtPrintSupport -isystem /opt/anaconda3/include/qt/QtWidgets -isystem /opt/anaconda3/include/qt/QtNetwork -fopenmp=libomp -O3 -DNDEBUG -std=c++17 -arch arm64 -mmacosx-version-min=10.15 -fPIC -MD -MT gui/src/CMakeFiles/AZURESetup.dir/AddPairDialog.cpp.o -MF CMakeFiles/AZURESetup.dir/AddPairDialog.cpp.o.d -o CMakeFiles/AZURESetup.dir/AddPairDialog.cpp.o -c /Users/akhil/work_dir/azure/AZURE2/gui/src/AddPairDialog.cpp
[ 59%] Building CXX object gui/src/CMakeFiles/AZURESetup.dir/EditDirsDialog.cpp.o
cd /Users/akhil/work_dir/azure/AZURE2/build-macos/gui/src && /opt/homebrew/opt/llvm/bin/clang++ -DMACX_SPACING -DQT_CORE_LIB -DQT_GUI_LIB -DQT_NETWORK_LIB -DQT_NO_DEBUG -DQT_PRINTSUPPORT_LIB -DQT_WIDGETS_LIB -DUSE_ERYA -DUSE_QWT -I/usr/local/include -I/Users/akhil/work_dir/azure/AZURE2/coul/include -I/Users/akhil/work_dir/azure/AZURE2/minuit2/inc -I/Users/akhil/work_dir/azure/AZURE2/erya/include -I/Users/akhil/work_dir/azure/AZURE2/erya/pugixml/src -I/opt/homebrew/opt/qwt/include -I/Users/akhil/work_dir/azure/AZURE2/gui/src/../include -I/Users/akhil/work_dir/azure/AZURE2/include -F/opt/homebrew/opt/qwt/lib -isystem /Users/akhil/work_dir/azure/AZURE2/build-macos/gui/src/AZURESetup_autogen/include -isystem /opt/anaconda3/include/qt -isystem /opt/anaconda3/include/qt/QtCore -isystem /opt/anaconda3/./mkspecs/macx-clang -isystem /opt/anaconda3/include/qt/QtGui -isystem /Library/Developer/CommandLineTools/SDKs/MacOSX.sdk/System/Library/Frameworks/OpenGL.framework/Headers -isystem /opt/anaconda3/include/qt/QtPrintSupport -isystem /opt/anaconda3/include/qt/QtWidgets -isystem /opt/anaconda3/include/qt/QtNetwork -fopenmp=libomp -O3 -DNDEBUG -std=c++17 -arch arm64 -mmacosx-version-min=10.15 -fPIC -MD -MT gui/src/CMakeFiles/AZURESetup.dir/EditDirsDialog.cpp.o -MF CMakeFiles/AZURESetup.dir/EditDirsDialog.cpp.o.d -o CMakeFiles/AZURESetup.dir/EditDirsDialog.cpp.o -c /Users/akhil/work_dir/azure/AZURE2/gui/src/EditDirsDialog.cpp
[ 60%] Building CXX object gui/src/CMakeFiles/AZURESetup.dir/RichTextDelegate.cpp.o
cd /Users/akhil/work_dir/azure/AZURE2/build-macos/gui/src && /opt/homebrew/opt/llvm/bin/clang++ -DMACX_SPACING -DQT_CORE_LIB -DQT_GUI_LIB -DQT_NETWORK_LIB -DQT_NO_DEBUG -DQT_PRINTSUPPORT_LIB -DQT_WIDGETS_LIB -DUSE_ERYA -DUSE_QWT -I/usr/local/include -I/Users/akhil/work_dir/azure/AZURE2/coul/include -I/Users/akhil/work_dir/azure/AZURE2/minuit2/inc -I/Users/akhil/work_dir/azure/AZURE2/erya/include -I/Users/akhil/work_dir/azure/AZURE2/erya/pugixml/src -I/opt/homebrew/opt/qwt/include -I/Users/akhil/work_dir/azure/AZURE2/gui/src/../include -I/Users/akhil/work_dir/azure/AZURE2/include -F/opt/homebrew/opt/qwt/lib -isystem /Users/akhil/work_dir/azure/AZURE2/build-macos/gui/src/AZURESetup_autogen/include -isystem /opt/anaconda3/include/qt -isystem /opt/anaconda3/include/qt/QtCore -isystem /opt/anaconda3/./mkspecs/macx-clang -isystem /opt/anaconda3/include/qt/QtGui -isystem /Library/Developer/CommandLineTools/SDKs/MacOSX.sdk/System/Library/Frameworks/OpenGL.framework/Headers -isystem /opt/anaconda3/include/qt/QtPrintSupport -isystem /opt/anaconda3/include/qt/QtWidgets -isystem /opt/anaconda3/include/qt/QtNetwork -fopenmp=libomp -O3 -DNDEBUG -std=c++17 -arch arm64 -mmacosx-version-min=10.15 -fPIC -MD -MT gui/src/CMakeFiles/AZURESetup.dir/RichTextDelegate.cpp.o -MF CMakeFiles/AZURESetup.dir/RichTextDelegate.cpp.o.d -o CMakeFiles/AZURESetup.dir/RichTextDelegate.cpp.o -c /Users/akhil/work_dir/azure/AZURE2/gui/src/RichTextDelegate.cpp
[ 60%] Building CXX object gui/src/CMakeFiles/AZURESetup.dir/AddSegDataDialog.cpp.o
cd /Users/akhil/work_dir/azure/AZURE2/build-macos/gui/src && /opt/homebrew/opt/llvm/bin/clang++ -DMACX_SPACING -DQT_CORE_LIB -DQT_GUI_LIB -DQT_NETWORK_LIB -DQT_NO_DEBUG -DQT_PRINTSUPPORT_LIB -DQT_WIDGETS_LIB -DUSE_ERYA -DUSE_QWT -I/usr/local/include -I/Users/akhil/work_dir/azure/AZURE2/coul/include -I/Users/akhil/work_dir/azure/AZURE2/minuit2/inc -I/Users/akhil/work_dir/azure/AZURE2/erya/include -I/Users/akhil/work_dir/azure/AZURE2/erya/pugixml/src -I/opt/homebrew/opt/qwt/include -I/Users/akhil/work_dir/azure/AZURE2/gui/src/../include -I/Users/akhil/work_dir/azure/AZURE2/include -F/opt/homebrew/opt/qwt/lib -isystem /Users/akhil/work_dir/azure/AZURE2/build-macos/gui/src/AZURESetup_autogen/include -isystem /opt/anaconda3/include/qt -isystem /opt/anaconda3/include/qt/QtCore -isystem /opt/anaconda3/./mkspecs/macx-clang -isystem /opt/anaconda3/include/qt/QtGui -isystem /Library/Developer/CommandLineTools/SDKs/MacOSX.sdk/System/Library/Frameworks/OpenGL.framework/Headers -isystem /opt/anaconda3/include/qt/QtPrintSupport -isystem /opt/anaconda3/include/qt/QtWidgets -isystem /opt/anaconda3/include/qt/QtNetwork -fopenmp=libomp -O3 -DNDEBUG -std=c++17 -arch arm64 -mmacosx-version-min=10.15 -fPIC -MD -MT gui/src/CMakeFiles/AZURESetup.dir/AddSegDataDialog.cpp.o -MF CMakeFiles/AZURESetup.dir/AddSegDataDialog.cpp.o.d -o CMakeFiles/AZURESetup.dir/AddSegDataDialog.cpp.o -c /Users/akhil/work_dir/azure/AZURE2/gui/src/AddSegDataDialog.cpp
[ 60%] Linking CXX static library libMinuit2.a
cd /Users/akhil/work_dir/azure/AZURE2/build-macos/minuit2/src && /Applications/CMake.app/Contents/bin/cmake -P CMakeFiles/Minuit2.dir/cmake_clean_target.cmake
[ 61%] Building CXX object gui/src/CMakeFiles/AZURESetup.dir/EditOptionsDialog.cpp.o
cd /Users/akhil/work_dir/azure/AZURE2/build-macos/minuit2/src && /Applications/CMake.app/Contents/bin/cmake -E cmake_link_script CMakeFiles/Minuit2.dir/link.txt --verbose=1
cd /Users/akhil/work_dir/azure/AZURE2/build-macos/gui/src && /opt/homebrew/opt/llvm/bin/clang++ -DMACX_SPACING -DQT_CORE_LIB -DQT_GUI_LIB -DQT_NETWORK_LIB -DQT_NO_DEBUG -DQT_PRINTSUPPORT_LIB -DQT_WIDGETS_LIB -DUSE_ERYA -DUSE_QWT -I/usr/local/include -I/Users/akhil/work_dir/azure/AZURE2/coul/include -I/Users/akhil/work_dir/azure/AZURE2/minuit2/inc -I/Users/akhil/work_dir/azure/AZURE2/erya/include -I/Users/akhil/work_dir/azure/AZURE2/erya/pugixml/src -I/opt/homebrew/opt/qwt/include -I/Users/akhil/work_dir/azure/AZURE2/gui/src/../include -I/Users/akhil/work_dir/azure/AZURE2/include -F/opt/homebrew/opt/qwt/lib -isystem /Users/akhil/work_dir/azure/AZURE2/build-macos/gui/src/AZURESetup_autogen/include -isystem /opt/anaconda3/include/qt -isystem /opt/anaconda3/include/qt/QtCore -isystem /opt/anaconda3/./mkspecs/macx-clang -isystem /opt/anaconda3/include/qt/QtGui -isystem /Library/Developer/CommandLineTools/SDKs/MacOSX.sdk/System/Library/Frameworks/OpenGL.framework/Headers -isystem /opt/anaconda3/include/qt/QtPrintSupport -isystem /opt/anaconda3/include/qt/QtWidgets -isystem /opt/anaconda3/include/qt/QtNetwork -fopenmp=libomp -O3 -DNDEBUG -std=c++17 -arch arm64 -mmacosx-version-min=10.15 -fPIC -MD -MT gui/src/CMakeFiles/AZURESetup.dir/EditOptionsDialog.cpp.o -MF CMakeFiles/AZURESetup.dir/EditOptionsDialog.cpp.o.d -o CMakeFiles/AZURESetup.dir/EditOptionsDialog.cpp.o -c /Users/akhil/work_dir/azure/AZURE2/gui/src/EditOptionsDialog.cpp
/usr/bin/ar qc libMinuit2.a CMakeFiles/Minuit2.dir/AnalyticalGradientCalculator.cxx.o CMakeFiles/Minuit2.dir/BFGSErrorUpdator.cxx.o CMakeFiles/Minuit2.dir/CombinedMinimumBuilder.cxx.o CMakeFiles/Minuit2.dir/DavidonErrorUpdator.cxx.o CMakeFiles/Minuit2.dir/ExternalInternalGradientCalculator.cxx.o CMakeFiles/Minuit2.dir/FumiliBuilder.cxx.o CMakeFiles/Minuit2.dir/FumiliErrorUpdator.cxx.o CMakeFiles/Minuit2.dir/FumiliGradientCalculator.cxx.o CMakeFiles/Minuit2.dir/FumiliMinimizer.cxx.o CMakeFiles/Minuit2.dir/FumiliStandardChi2FCN.cxx.o CMakeFiles/Minuit2.dir/FumiliStandardMaximumLikelihoodFCN.cxx.o CMakeFiles/Minuit2.dir/HessianGradientCalculator.cxx.o CMakeFiles/Minuit2.dir/InitialGradientCalculator.cxx.o CMakeFiles/Minuit2.dir/LaEigenValues.cxx.o CMakeFiles/Minuit2.dir/LaInnerProduct.cxx.o CMakeFiles/Minuit2.dir/LaInverse.cxx.o CMakeFiles/Minuit2.dir/LaOuterProduct.cxx.o CMakeFiles/Minuit2.dir/LaSumOfElements.cxx.o CMakeFiles/Minuit2.dir/LaVtMVSimilarity.cxx.o CMakeFiles/Minuit2.dir/MPIProcess.cxx.o CMakeFiles/Minuit2.dir/MinimumBuilder.cxx.o CMakeFiles/Minuit2.dir/Minuit2Minimizer.cxx.o CMakeFiles/Minuit2.dir/MnApplication.cxx.o CMakeFiles/Minuit2.dir/MnContours.cxx.o CMakeFiles/Minuit2.dir/MnCovarianceSqueeze.cxx.o CMakeFiles/Minuit2.dir/MnEigen.cxx.o CMakeFiles/Minuit2.dir/MnFcn.cxx.o CMakeFiles/Minuit2.dir/MnFumiliMinimize.cxx.o CMakeFiles/Minuit2.dir/MnFunctionCross.cxx.o CMakeFiles/Minuit2.dir/MnGlobalCorrelationCoeff.cxx.o CMakeFiles/Minuit2.dir/MnHesse.cxx.o CMakeFiles/Minuit2.dir/MnLineSearch.cxx.o CMakeFiles/Minuit2.dir/MnMachinePrecision.cxx.o CMakeFiles/Minuit2.dir/MnMinos.cxx.o CMakeFiles/Minuit2.dir/MnParabolaFactory.cxx.o CMakeFiles/Minuit2.dir/MnParameterScan.cxx.o CMakeFiles/Minuit2.dir/MnPlot.cxx.o CMakeFiles/Minuit2.dir/MnPosDef.cxx.o CMakeFiles/Minuit2.dir/MnPrint.cxx.o CMakeFiles/Minuit2.dir/MnPrintImpl.cxx.o CMakeFiles/Minuit2.dir/MnScan.cxx.o CMakeFiles/Minuit2.dir/MnSeedGenerator.cxx.o CMakeFiles/Minuit2.dir/MnStrategy.cxx.o CMakeFiles/Minuit2.dir/MnTiny.cxx.o CMakeFiles/Minuit2.dir/MnTraceObject.cxx.o CMakeFiles/Minuit2.dir/MnUserFcn.cxx.o CMakeFiles/Minuit2.dir/MnUserParameterState.cxx.o CMakeFiles/Minuit2.dir/MnUserParameters.cxx.o CMakeFiles/Minuit2.dir/MnUserTransformation.cxx.o CMakeFiles/Minuit2.dir/ModularFunctionMinimizer.cxx.o CMakeFiles/Minuit2.dir/NegativeG2LineSearch.cxx.o CMakeFiles/Minuit2.dir/Numerical2PGradientCalculator.cxx.o CMakeFiles/Minuit2.dir/ParametricFunction.cxx.o CMakeFiles/Minuit2.dir/ScanBuilder.cxx.o CMakeFiles/Minuit2.dir/SimplexBuilder.cxx.o CMakeFiles/Minuit2.dir/SimplexParameters.cxx.o CMakeFiles/Minuit2.dir/SimplexSeedGenerator.cxx.o CMakeFiles/Minuit2.dir/SinParameterTransformation.cxx.o CMakeFiles/Minuit2.dir/SqrtLowParameterTransformation.cxx.o CMakeFiles/Minuit2.dir/SqrtUpParameterTransformation.cxx.o CMakeFiles/Minuit2.dir/VariableMetricBuilder.cxx.o CMakeFiles/Minuit2.dir/VariableMetricEDMEstimator.cxx.o CMakeFiles/Minuit2.dir/mnbins.cxx.o CMakeFiles/Minuit2.dir/mndasum.cxx.o CMakeFiles/Minuit2.dir/mndaxpy.cxx.o CMakeFiles/Minuit2.dir/mnddot.cxx.o CMakeFiles/Minuit2.dir/mndscal.cxx.o CMakeFiles/Minuit2.dir/mndspmv.cxx.o CMakeFiles/Minuit2.dir/mndspr.cxx.o CMakeFiles/Minuit2.dir/mnlsame.cxx.o CMakeFiles/Minuit2.dir/mnteigen.cxx.o CMakeFiles/Minuit2.dir/mntplot.cxx.o CMakeFiles/Minuit2.dir/mnvert.cxx.o CMakeFiles/Minuit2.dir/mnxerbla.cxx.o
/opt/homebrew/opt/llvm/bin/llvm-ranlib libMinuit2.a
[ 61%] Built target Minuit2
[ 62%] Building CXX object gui/src/CMakeFiles/AZURESetup.dir/RunTab.cpp.o
cd /Users/akhil/work_dir/azure/AZURE2/build-macos/gui/src && /opt/homebrew/opt/llvm/bin/clang++ -DMACX_SPACING -DQT_CORE_LIB -DQT_GUI_LIB -DQT_NETWORK_LIB -DQT_NO_DEBUG -DQT_PRINTSUPPORT_LIB -DQT_WIDGETS_LIB -DUSE_ERYA -DUSE_QWT -I/usr/local/include -I/Users/akhil/work_dir/azure/AZURE2/coul/include -I/Users/akhil/work_dir/azure/AZURE2/minuit2/inc -I/Users/akhil/work_dir/azure/AZURE2/erya/include -I/Users/akhil/work_dir/azure/AZURE2/erya/pugixml/src -I/opt/homebrew/opt/qwt/include -I/Users/akhil/work_dir/azure/AZURE2/gui/src/../include -I/Users/akhil/work_dir/azure/AZURE2/include -F/opt/homebrew/opt/qwt/lib -isystem /Users/akhil/work_dir/azure/AZURE2/build-macos/gui/src/AZURESetup_autogen/include -isystem /opt/anaconda3/include/qt -isystem /opt/anaconda3/include/qt/QtCore -isystem /opt/anaconda3/./mkspecs/macx-clang -isystem /opt/anaconda3/include/qt/QtGui -isystem /Library/Developer/CommandLineTools/SDKs/MacOSX.sdk/System/Library/Frameworks/OpenGL.framework/Headers -isystem /opt/anaconda3/include/qt/QtPrintSupport -isystem /opt/anaconda3/include/qt/QtWidgets -isystem /opt/anaconda3/include/qt/QtNetwork -fopenmp=libomp -O3 -DNDEBUG -std=c++17 -arch arm64 -mmacosx-version-min=10.15 -fPIC -MD -MT gui/src/CMakeFiles/AZURESetup.dir/RunTab.cpp.o -MF CMakeFiles/AZURESetup.dir/RunTab.cpp.o.d -o CMakeFiles/AZURESetup.dir/RunTab.cpp.o -c /Users/akhil/work_dir/azure/AZURE2/gui/src/RunTab.cpp
[ 62%] Building CXX object gui/src/CMakeFiles/AZURESetup.dir/AddSegTestDialog.cpp.o
cd /Users/akhil/work_dir/azure/AZURE2/build-macos/gui/src && /opt/homebrew/opt/llvm/bin/clang++ -DMACX_SPACING -DQT_CORE_LIB -DQT_GUI_LIB -DQT_NETWORK_LIB -DQT_NO_DEBUG -DQT_PRINTSUPPORT_LIB -DQT_WIDGETS_LIB -DUSE_ERYA -DUSE_QWT -I/usr/local/include -I/Users/akhil/work_dir/azure/AZURE2/coul/include -I/Users/akhil/work_dir/azure/AZURE2/minuit2/inc -I/Users/akhil/work_dir/azure/AZURE2/erya/include -I/Users/akhil/work_dir/azure/AZURE2/erya/pugixml/src -I/opt/homebrew/opt/qwt/include -I/Users/akhil/work_dir/azure/AZURE2/gui/src/../include -I/Users/akhil/work_dir/azure/AZURE2/include -F/opt/homebrew/opt/qwt/lib -isystem /Users/akhil/work_dir/azure/AZURE2/build-macos/gui/src/AZURESetup_autogen/include -isystem /opt/anaconda3/include/qt -isystem /opt/anaconda3/include/qt/QtCore -isystem /opt/anaconda3/./mkspecs/macx-clang -isystem /opt/anaconda3/include/qt/QtGui -isystem /Library/Developer/CommandLineTools/SDKs/MacOSX.sdk/System/Library/Frameworks/OpenGL.framework/Headers -isystem /opt/anaconda3/include/qt/QtPrintSupport -isystem /opt/anaconda3/include/qt/QtWidgets -isystem /opt/anaconda3/include/qt/QtNetwork -fopenmp=libomp -O3 -DNDEBUG -std=c++17 -arch arm64 -mmacosx-version-min=10.15 -fPIC -MD -MT gui/src/CMakeFiles/AZURESetup.dir/AddSegTestDialog.cpp.o -MF CMakeFiles/AZURESetup.dir/AddSegTestDialog.cpp.o.d -o CMakeFiles/AZURESetup.dir/AddSegTestDialog.cpp.o -c /Users/akhil/work_dir/azure/AZURE2/gui/src/AddSegTestDialog.cpp
[ 63%] Building CXX object gui/src/CMakeFiles/AZURESetup.dir/SegmentsDataModel.cpp.o
cd /Users/akhil/work_dir/azure/AZURE2/build-macos/gui/src && /opt/homebrew/opt/llvm/bin/clang++ -DMACX_SPACING -DQT_CORE_LIB -DQT_GUI_LIB -DQT_NETWORK_LIB -DQT_NO_DEBUG -DQT_PRINTSUPPORT_LIB -DQT_WIDGETS_LIB -DUSE_ERYA -DUSE_QWT -I/usr/local/include -I/Users/akhil/work_dir/azure/AZURE2/coul/include -I/Users/akhil/work_dir/azure/AZURE2/minuit2/inc -I/Users/akhil/work_dir/azure/AZURE2/erya/include -I/Users/akhil/work_dir/azure/AZURE2/erya/pugixml/src -I/opt/homebrew/opt/qwt/include -I/Users/akhil/work_dir/azure/AZURE2/gui/src/../include -I/Users/akhil/work_dir/azure/AZURE2/include -F/opt/homebrew/opt/qwt/lib -isystem /Users/akhil/work_dir/azure/AZURE2/build-macos/gui/src/AZURESetup_autogen/include -isystem /opt/anaconda3/include/qt -isystem /opt/anaconda3/include/qt/QtCore -isystem /opt/anaconda3/./mkspecs/macx-clang -isystem /opt/anaconda3/include/qt/QtGui -isystem /Library/Developer/CommandLineTools/SDKs/MacOSX.sdk/System/Library/Frameworks/OpenGL.framework/Headers -isystem /opt/anaconda3/include/qt/QtPrintSupport -isystem /opt/anaconda3/include/qt/QtWidgets -isystem /opt/anaconda3/include/qt/QtNetwork -fopenmp=libomp -O3 -DNDEBUG -std=c++17 -arch arm64 -mmacosx-version-min=10.15 -fPIC -MD -MT gui/src/CMakeFiles/AZURESetup.dir/SegmentsDataModel.cpp.o -MF CMakeFiles/AZURESetup.dir/SegmentsDataModel.cpp.o.d -o CMakeFiles/AZURESetup.dir/SegmentsDataModel.cpp.o -c /Users/akhil/work_dir/azure/AZURE2/gui/src/SegmentsDataModel.cpp
[ 63%] Building CXX object gui/src/CMakeFiles/AZURESetup.dir/AddTargetIntDialog.cpp.o
cd /Users/akhil/work_dir/azure/AZURE2/build-macos/gui/src && /opt/homebrew/opt/llvm/bin/clang++ -DMACX_SPACING -DQT_CORE_LIB -DQT_GUI_LIB -DQT_NETWORK_LIB -DQT_NO_DEBUG -DQT_PRINTSUPPORT_LIB -DQT_WIDGETS_LIB -DUSE_ERYA -DUSE_QWT -I/usr/local/include -I/Users/akhil/work_dir/azure/AZURE2/coul/include -I/Users/akhil/work_dir/azure/AZURE2/minuit2/inc -I/Users/akhil/work_dir/azure/AZURE2/erya/include -I/Users/akhil/work_dir/azure/AZURE2/erya/pugixml/src -I/opt/homebrew/opt/qwt/include -I/Users/akhil/work_dir/azure/AZURE2/gui/src/../include -I/Users/akhil/work_dir/azure/AZURE2/include -F/opt/homebrew/opt/qwt/lib -isystem /Users/akhil/work_dir/azure/AZURE2/build-macos/gui/src/AZURESetup_autogen/include -isystem /opt/anaconda3/include/qt -isystem /opt/anaconda3/include/qt/QtCore -isystem /opt/anaconda3/./mkspecs/macx-clang -isystem /opt/anaconda3/include/qt/QtGui -isystem /Library/Developer/CommandLineTools/SDKs/MacOSX.sdk/System/Library/Frameworks/OpenGL.framework/Headers -isystem /opt/anaconda3/include/qt/QtPrintSupport -isystem /opt/anaconda3/include/qt/QtWidgets -isystem /opt/anaconda3/include/qt/QtNetwork -fopenmp=libomp -O3 -DNDEBUG -std=c++17 -arch arm64 -mmacosx-version-min=10.15 -fPIC -MD -MT gui/src/CMakeFiles/AZURESetup.dir/AddTargetIntDialog.cpp.o -MF CMakeFiles/AZURESetup.dir/AddTargetIntDialog.cpp.o.d -o CMakeFiles/AZURESetup.dir/AddTargetIntDialog.cpp.o -c /Users/akhil/work_dir/azure/AZURE2/gui/src/AddTargetIntDialog.cpp
[ 64%] Building CXX object gui/src/CMakeFiles/AZURESetup.dir/SegmentsTab.cpp.o
cd /Users/akhil/work_dir/azure/AZURE2/build-macos/gui/src && /opt/homebrew/opt/llvm/bin/clang++ -DMACX_SPACING -DQT_CORE_LIB -DQT_GUI_LIB -DQT_NETWORK_LIB -DQT_NO_DEBUG -DQT_PRINTSUPPORT_LIB -DQT_WIDGETS_LIB -DUSE_ERYA -DUSE_QWT -I/usr/local/include -I/Users/akhil/work_dir/azure/AZURE2/coul/include -I/Users/akhil/work_dir/azure/AZURE2/minuit2/inc -I/Users/akhil/work_dir/azure/AZURE2/erya/include -I/Users/akhil/work_dir/azure/AZURE2/erya/pugixml/src -I/opt/homebrew/opt/qwt/include -I/Users/akhil/work_dir/azure/AZURE2/gui/src/../include -I/Users/akhil/work_dir/azure/AZURE2/include -F/opt/homebrew/opt/qwt/lib -isystem /Users/akhil/work_dir/azure/AZURE2/build-macos/gui/src/AZURESetup_autogen/include -isystem /opt/anaconda3/include/qt -isystem /opt/anaconda3/include/qt/QtCore -isystem /opt/anaconda3/./mkspecs/macx-clang -isystem /opt/anaconda3/include/qt/QtGui -isystem /Library/Developer/CommandLineTools/SDKs/MacOSX.sdk/System/Library/Frameworks/OpenGL.framework/Headers -isystem /opt/anaconda3/include/qt/QtPrintSupport -isystem /opt/anaconda3/include/qt/QtWidgets -isystem /opt/anaconda3/include/qt/QtNetwork -fopenmp=libomp -O3 -DNDEBUG -std=c++17 -arch arm64 -mmacosx-version-min=10.15 -fPIC -MD -MT gui/src/CMakeFiles/AZURESetup.dir/SegmentsTab.cpp.o -MF CMakeFiles/AZURESetup.dir/SegmentsTab.cpp.o.d -o CMakeFiles/AZURESetup.dir/SegmentsTab.cpp.o -c /Users/akhil/work_dir/azure/AZURE2/gui/src/SegmentsTab.cpp
[ 64%] Building CXX object gui/src/CMakeFiles/AZURESetup.dir/AZURESetup.cpp.o
cd /Users/akhil/work_dir/azure/AZURE2/build-macos/gui/src && /opt/homebrew/opt/llvm/bin/clang++ -DMACX_SPACING -DQT_CORE_LIB -DQT_GUI_LIB -DQT_NETWORK_LIB -DQT_NO_DEBUG -DQT_PRINTSUPPORT_LIB -DQT_WIDGETS_LIB -DUSE_ERYA -DUSE_QWT -I/usr/local/include -I/Users/akhil/work_dir/azure/AZURE2/coul/include -I/Users/akhil/work_dir/azure/AZURE2/minuit2/inc -I/Users/akhil/work_dir/azure/AZURE2/erya/include -I/Users/akhil/work_dir/azure/AZURE2/erya/pugixml/src -I/opt/homebrew/opt/qwt/include -I/Users/akhil/work_dir/azure/AZURE2/gui/src/../include -I/Users/akhil/work_dir/azure/AZURE2/include -F/opt/homebrew/opt/qwt/lib -isystem /Users/akhil/work_dir/azure/AZURE2/build-macos/gui/src/AZURESetup_autogen/include -isystem /opt/anaconda3/include/qt -isystem /opt/anaconda3/include/qt/QtCore -isystem /opt/anaconda3/./mkspecs/macx-clang -isystem /opt/anaconda3/include/qt/QtGui -isystem /Library/Developer/CommandLineTools/SDKs/MacOSX.sdk/System/Library/Frameworks/OpenGL.framework/Headers -isystem /opt/anaconda3/include/qt/QtPrintSupport -isystem /opt/anaconda3/include/qt/QtWidgets -isystem /opt/anaconda3/include/qt/QtNetwork -fopenmp=libomp -O3 -DNDEBUG -std=c++17 -arch arm64 -mmacosx-version-min=10.15 -fPIC -MD -MT gui/src/CMakeFiles/AZURESetup.dir/AZURESetup.cpp.o -MF CMakeFiles/AZURESetup.dir/AZURESetup.cpp.o.d -o CMakeFiles/AZURESetup.dir/AZURESetup.cpp.o -c /Users/akhil/work_dir/azure/AZURE2/gui/src/AZURESetup.cpp
